SolidWorks IGES file using analytic representation for surfaces         S      1
1H,,1H;,23Hcircunference-corrector,84HC:\Engineering\01 Repos\rocketry-aG      1
ero-and-stability\cads\circunference-corrector.IGS,15HSolidWorks 2024,  G      2
15HSolidWorks 2024,32,308,15,308,15,23Hcircunference-corrector,1.,2,2HMMG      3
,50,0.125,13H251007.063237,1E-08,499990.,5Hjleon,,11,0,13H251007.063237;G      4
     314       1       0       0       0                        00000200D      1
     314       0       8       1       0                               0D      2
     110       2       0       0       0                        01010000D      3
     110       0       0       1       0                               0D      4
     110       3       0       0       0                        01010000D      5
     110       0       0       1       0                               0D      6
     120       4       0       0       0                        01010000D      7
     120       0       0       1       0                               0D      8
     126       5       0       0       0                        01010500D      9
     126       0       0       2       0                               0D     10
     110       7       0       0       0                        01010000D     11
     110       0       0       1       0                               0D     12
     126       8       0       0       0                        01010500D     13
     126       0       0      12       0                               0D     14
     126      20       0       0       0                        01010000D     15
     126       0       0      35       0                               0D     16
     126      55       0       0       0                        01010500D     17
     126       0       0       2       0                               0D     18
     110      57       0       0       0                        01010000D     19
     110       0       0       1       0                               0D     20
     126      58       0       0       0                        01010500D     21
     126       0       0      12       0                               0D     22
     126      70       0       0       0                        01010000D     23
     126       0       0      36       0                               0D     24
     102     106       0       0       0                        01010500D     25
     102       0       0       1       0                               0D     26
     102     107       0       0       0                        01010000D     27
     102       0       0       1       0                               0D     28
     142     108       0       0       0                        00010500D     29
     142       0       0       1       0                               0D     30
     144     109       0       0       0                        00000000D     31
     144       0      -1       1       0                               0D     32
     110     110       0       0       0                        01010000D     33
     110       0       0       1       0                               0D     34
     110     111       0       0       0                        01010000D     35
     110       0       0       1       0                               0D     36
     120     112       0       0       0                        01010000D     37
     120       0       0       1       0                               0D     38
     126     113       0       0       0                        01010500D     39
     126       0       0       2       0                               0D     40
     110     115       0       0       0                        01010000D     41
     110       0       0       1       0                               0D     42
     126     116       0       0       0                        01010500D     43
     126       0       0      12       0                               0D     44
     126     128       0       0       0                        01010000D     45
     126       0       0      34       0                               0D     46
     126     162       0       0       0                        01010500D     47
     126       0       0       2       0                               0D     48
     110     164       0       0       0                        01010000D     49
     110       0       0       1       0                               0D     50
     126     165       0       0       0                        01010500D     51
     126       0       0      12       0                               0D     52
     126     177       0       0       0                        01010000D     53
     126       0       0      33       0                               0D     54
     102     210       0       0       0                        01010500D     55
     102       0       0       1       0                               0D     56
     102     211       0       0       0                        01010000D     57
     102       0       0       1       0                               0D     58
     142     212       0       0       0                        00010500D     59
     142       0       0       1       0                               0D     60
     144     213       0       0       0                        00000000D     61
     144       0      -1       1       0                               0D     62
     110     214       0       0       0                        01010000D     63
     110       0       0       1       0                               0D     64
     110     215       0       0       0                        01010000D     65
     110       0       0       1       0                               0D     66
     120     216       0       0       0                        01010000D     67
     120       0       0       1       0                               0D     68
     126     217       0       0       0                        01010500D     69
     126       0       0       7       0                               0D     70
     126     224       0       0       0                        01010000D     71
     126       0       0      19       0                               0D     72
     126     243       0       0       0                        01010500D     73
     126       0       0       2       0                               0D     74
     110     245       0       0       0                        01010000D     75
     110       0       0       1       0                               0D     76
     126     246       0       0       0                        01010500D     77
     126       0       0       7       0                               0D     78
     126     253       0       0       0                        01010000D     79
     126       0       0      20       0                               0D     80
     126     273       0       0       0                        01010500D     81
     126       0       0       7       0                               0D     82
     126     280       0       0       0                        01010000D     83
     126       0       0      18       0                               0D     84
     126     298       0       0       0                        01010500D     85
     126       0       0       2       0                               0D     86
     110     300       0       0       0                        01010000D     87
     110       0       0       1       0                               0D     88
     126     301       0       0       0                        01010500D     89
     126       0       0       7       0                               0D     90
     126     308       0       0       0                        01010000D     91
     126       0       0      21       0                               0D     92
     102     329       0       0       0                        01010500D     93
     102       0       0       1       0                               0D     94
     102     330       0       0       0                        01010000D     95
     102       0       0       1       0                               0D     96
     142     331       0       0       0                        00010500D     97
     142       0       0       1       0                               0D     98
     144     332       0       0       0                        00000000D     99
     144       0      -1       1       0                               0D    100
     110     333       0       0       0                        01010000D    101
     110       0       0       1       0                               0D    102
     110     334       0       0       0                        01010000D    103
     110       0       0       1       0                               0D    104
     120     335       0       0       0                        01010000D    105
     120       0       0       1       0                               0D    106
     126     336       0       0       0                        01010500D    107
     126       0       0       7       0                               0D    108
     126     343       0       0       0                        01010000D    109
     126       0       0      19       0                               0D    110
     126     362       0       0       0                        01010500D    111
     126       0       0       2       0                               0D    112
     110     364       0       0       0                        01010000D    113
     110       0       0       1       0                               0D    114
     126     365       0       0       0                        01010500D    115
     126       0       0       7       0                               0D    116
     126     372       0       0       0                        01010000D    117
     126       0       0      19       0                               0D    118
     126     391       0       0       0                        01010500D    119
     126       0       0       7       0                               0D    120
     126     398       0       0       0                        01010000D    121
     126       0       0      23       0                               0D    122
     126     421       0       0       0                        01010500D    123
     126       0       0       2       0                               0D    124
     110     423       0       0       0                        01010000D    125
     110       0       0       1       0                               0D    126
     126     424       0       0       0                        01010500D    127
     126       0       0       7       0                               0D    128
     126     431       0       0       0                        01010000D    129
     126       0       0      23       0                               0D    130
     102     454       0       0       0                        01010500D    131
     102       0       0       1       0                               0D    132
     102     455       0       0       0                        01010000D    133
     102       0       0       1       0                               0D    134
     142     456       0       0       0                        00010500D    135
     142       0       0       1       0                               0D    136
     144     457       0       0       0                        00000000D    137
     144       0      -1       1       0                               0D    138
     110     458       0       0       0                        01010000D    139
     110       0       0       1       0                               0D    140
     110     459       0       0       0                        01010000D    141
     110       0       0       1       0                               0D    142
     120     460       0       0       0                        01010000D    143
     120       0       0       1       0                               0D    144
     126     461       0       0       0                        01010500D    145
     126       0       0       2       0                               0D    146
     110     463       0       0       0                        01010000D    147
     110       0       0       1       0                               0D    148
     126     464       0       0       0                        01010500D    149
     126       0       0      11       0                               0D    150
     126     475       0       0       0                        01010000D    151
     126       0       0      19       0                               0D    152
     126     494       0       0       0                        01010500D    153
     126       0       0      11       0                               0D    154
     126     505       0       0       0                        01010000D    155
     126       0       0      23       0                               0D    156
     126     528       0       0       0                        01010500D    157
     126       0       0       2       0                               0D    158
     110     530       0       0       0                        01010000D    159
     110       0       0       1       0                               0D    160
     126     531       0       0       0                        01010500D    161
     126       0       0       2       0                               0D    162
     124     533       0       0       0                        00000000D    163
     124       0       0       3       0                               0D    164
     100     536       0       0       0             163        01010000D    165
     100       0       0       1       0                               0D    166
     126     537       0       0       0                        01010500D    167
     126       0       0       2       0                               0D    168
     110     539       0       0       0                        01010000D    169
     110       0       0       1       0                               0D    170
     126     540       0       0       0                        01010500D    171
     126       0       0      11       0                               0D    172
     126     551       0       0       0                        01010000D    173
     126       0       0      21       0                               0D    174
     126     572       0       0       0                        01010500D    175
     126       0       0      11       0                               0D    176
     126     583       0       0       0                        01010000D    177
     126       0       0      18       0                               0D    178
     126     601       0       0       0                        01010500D    179
     126       0       0       2       0                               0D    180
     110     603       0       0       0                        01010000D    181
     110       0       0       1       0                               0D    182
     126     604       0       0       0                        01010500D    183
     126       0       0       2       0                               0D    184
     124     606       0       0       0                        00000000D    185
     124       0       0       3       0                               0D    186
     100     609       0       0       0             185        01010000D    187
     100       0       0       1       0                               0D    188
     102     610       0       0       0                        01010500D    189
     102       0       0       1       0                               0D    190
     102     611       0       0       0                        01010000D    191
     102       0       0       1       0                               0D    192
     142     612       0       0       0                        00010500D    193
     142       0       0       1       0                               0D    194
     126     613       0       0       0                        01010500D    195
     126       0       0      22       0                               0D    196
     126     635       0       0       0                        01010000D    197
     126       0       0      36       0                               0D    198
     126     671       0       0       0                        01010500D    199
     126       0       0      22       0                               0D    200
     126     693       0       0       0                        01010000D    201
     126       0       0      35       0                               0D    202
     102     728       0       0       0                        01010500D    203
     102       0       0       1       0                               0D    204
     102     729       0       0       0                        01010000D    205
     102       0       0       1       0                               0D    206
     142     730       0       0       0                        00010500D    207
     142       0       0       1       0                               0D    208
     144     731       0       0       0                        00000000D    209
     144       0      -1       1       0                               0D    210
     110     732       0       0       0                        01010000D    211
     110       0       0       1       0                               0D    212
     110     733       0       0       0                        01010000D    213
     110       0       0       1       0                               0D    214
     120     734       0       0       0                        01010000D    215
     120       0       0       1       0                               0D    216
     126     735       0       0       0                        01010500D    217
     126       0       0       2       0                               0D    218
     124     737       0       0       0                        00000000D    219
     124       0       0       3       0                               0D    220
     100     740       0       0       0             219        01010000D    221
     100       0       0       1       0                               0D    222
     126     741       0       0       0                        01010500D    223
     126       0       0       2       0                               0D    224
     110     743       0       0       0                        01010000D    225
     110       0       0       1       0                               0D    226
     126     744       0       0       0                        01010500D    227
     126       0       0      11       0                               0D    228
     126     755       0       0       0                        01010000D    229
     126       0       0      19       0                               0D    230
     126     774       0       0       0                        01010500D    231
     126       0       0      11       0                               0D    232
     126     785       0       0       0                        01010000D    233
     126       0       0      21       0                               0D    234
     126     806       0       0       0                        01010500D    235
     126       0       0       2       0                               0D    236
     110     808       0       0       0                        01010000D    237
     110       0       0       1       0                               0D    238
     126     809       0       0       0                        01010500D    239
     126       0       0       2       0                               0D    240
     124     811       0       0       0                        00000000D    241
     124       0       0       3       0                               0D    242
     100     814       0       0       0             241        01010000D    243
     100       0       0       1       0                               0D    244
     126     815       0       0       0                        01010500D    245
     126       0       0       2       0                               0D    246
     110     817       0       0       0                        01010000D    247
     110       0       0       1       0                               0D    248
     126     818       0       0       0                        01010500D    249
     126       0       0      11       0                               0D    250
     126     829       0       0       0                        01010000D    251
     126       0       0      19       0                               0D    252
     126     848       0       0       0                        01010500D    253
     126       0       0      11       0                               0D    254
     126     859       0       0       0                        01010000D    255
     126       0       0      22       0                               0D    256
     126     881       0       0       0                        01010500D    257
     126       0       0       2       0                               0D    258
     110     883       0       0       0                        01010000D    259
     110       0       0       1       0                               0D    260
     102     884       0       0       0                        01010500D    261
     102       0       0       1       0                               0D    262
     102     885       0       0       0                        01010000D    263
     102       0       0       1       0                               0D    264
     142     886       0       0       0                        00010500D    265
     142       0       0       1       0                               0D    266
     126     887       0       0       0                        01010500D    267
     126       0       0      22       0                               0D    268
     126     909       0       0       0                        01010000D    269
     126       0       0      34       0                               0D    270
     126     943       0       0       0                        01010500D    271
     126       0       0      22       0                               0D    272
     126     965       0       0       0                        01010000D    273
     126       0       0      34       0                               0D    274
     102     999       0       0       0                        01010500D    275
     102       0       0       1       0                               0D    276
     102    1000       0       0       0                        01010000D    277
     102       0       0       1       0                               0D    278
     142    1001       0       0       0                        00010500D    279
     142       0       0       1       0                               0D    280
     144    1002       0       0       0                        00000000D    281
     144       0      -1       1       0                               0D    282
     128    1003       0       0       0                        01010000D    283
     128       0       0       3       0                               0D    284
     126    1006       0       0       0                        01010500D    285
     126       0       0      44       0                               0D    286
     124    1050       0       0       0                        00000000D    287
     124       0       0       3       0                               0D    288
     100    1053       0       0       0             287        01010000D    289
     100       0       0       1       0                               0D    290
     126    1054       0       0       0                        01010500D    291
     126       0       0      44       0                               0D    292
     124    1098       0       0       0                        00000000D    293
     124       0       0       3       0                               0D    294
     100    1101       0       0       0             293        01010000D    295
     100       0       0       1       0                               0D    296
     102    1102       0       0       0                        01010500D    297
     102       0       0       1       0                               0D    298
     102    1103       0       0       0                        01010000D    299
     102       0       0       1       0                               0D    300
     142    1104       0       0       0                        00010500D    301
     142       0       0       1       0                               0D    302
     126    1105       0       0       0                        01010500D    303
     126       0       0      44       0                               0D    304
     124    1149       0       0       0                        00000000D    305
     124       0       0       3       0                               0D    306
     100    1152       0       0       0             305        01010000D    307
     100       0       0       1       0                               0D    308
     126    1153       0       0       0                        01010500D    309
     126       0       0      44       0                               0D    310
     124    1197       0       0       0                        00000000D    311
     124       0       0       3       0                               0D    312
     100    1200       0       0       0             311        01010000D    313
     100       0       0       1       0                               0D    314
     102    1201       0       0       0                        01010500D    315
     102       0       0       1       0                               0D    316
     102    1202       0       0       0                        01010000D    317
     102       0       0       1       0                               0D    318
     142    1203       0       0       0                        00010500D    319
     142       0       0       1       0                               0D    320
     144    1204       0       0       0                        00000000D    321
     144       0      -1       1       0                               0D    322
     128    1205       0       0       0                        01010000D    323
     128       0       0       3       0                               0D    324
     126    1208       0       0       0                        01010500D    325
     126       0       0      44       0                               0D    326
     124    1252       0       0       0                        00000000D    327
     124       0       0       3       0                               0D    328
     100    1255       0       0       0             327        01010000D    329
     100       0       0       1       0                               0D    330
     126    1256       0       0       0                        01010500D    331
     126       0       0      44       0                               0D    332
     124    1300       0       0       0                        00000000D    333
     124       0       0       3       0                               0D    334
     100    1303       0       0       0             333        01010000D    335
     100       0       0       1       0                               0D    336
     102    1304       0       0       0                        01010500D    337
     102       0       0       1       0                               0D    338
     102    1305       0       0       0                        01010000D    339
     102       0       0       1       0                               0D    340
     142    1306       0       0       0                        00010500D    341
     142       0       0       1       0                               0D    342
     126    1307       0       0       0                        01010500D    343
     126       0       0      44       0                               0D    344
     124    1351       0       0       0                        00000000D    345
     124       0       0       3       0                               0D    346
     100    1354       0       0       0             345        01010000D    347
     100       0       0       1       0                               0D    348
     126    1355       0       0       0                        01010500D    349
     126       0       0      44       0                               0D    350
     124    1399       0       0       0                        00000000D    351
     124       0       0       3       0                               0D    352
     100    1402       0       0       0             351        01010000D    353
     100       0       0       1       0                               0D    354
     102    1403       0       0       0                        01010500D    355
     102       0       0       1       0                               0D    356
     102    1404       0       0       0                        01010000D    357
     102       0       0       1       0                               0D    358
     142    1405       0       0       0                        00010500D    359
     142       0       0       1       0                               0D    360
     144    1406       0       0       0                        00000000D    361
     144       0      -1       1       0                               0D    362
     110    1407       0       0       0                        01010000D    363
     110       0       0       1       0                               0D    364
     110    1408       0       0       0                        01010000D    365
     110       0       0       1       0                               0D    366
     120    1409       0       0       0                        01010000D    367
     120       0       0       1       0                               0D    368
     126    1410       0       0       0                        01010500D    369
     126       0       0       2       0                               0D    370
     110    1412       0       0       0                        01010000D    371
     110       0       0       1       0                               0D    372
     126    1413       0       0       0                        01010500D    373
     126       0       0       2       0                               0D    374
     124    1415       0       0       0                        00000000D    375
     124       0       0       3       0                               0D    376
     100    1418       0       0       0             375        01010000D    377
     100       0       0       1       0                               0D    378
     126    1419       0       0       0                        01010500D    379
     126       0       0       2       0                               0D    380
     110    1421       0       0       0                        01010000D    381
     110       0       0       1       0                               0D    382
     126    1422       0       0       0                        01010500D    383
     126       0       0      11       0                               0D    384
     126    1433       0       0       0                        01010000D    385
     126       0       0      20       0                               0D    386
     126    1453       0       0       0                        01010500D    387
     126       0       0      11       0                               0D    388
     126    1464       0       0       0                        01010000D    389
     126       0       0      23       0                               0D    390
     126    1487       0       0       0                        01010500D    391
     126       0       0       2       0                               0D    392
     110    1489       0       0       0                        01010000D    393
     110       0       0       1       0                               0D    394
     126    1490       0       0       0                        01010500D    395
     126       0       0       2       0                               0D    396
     124    1492       0       0       0                        00000000D    397
     124       0       0       3       0                               0D    398
     100    1495       0       0       0             397        01010000D    399
     100       0       0       1       0                               0D    400
     126    1496       0       0       0                        01010500D    401
     126       0       0       2       0                               0D    402
     110    1498       0       0       0                        01010000D    403
     110       0       0       1       0                               0D    404
     126    1499       0       0       0                        01010500D    405
     126       0       0      11       0                               0D    406
     126    1510       0       0       0                        01010000D    407
     126       0       0      19       0                               0D    408
     126    1529       0       0       0                        01010500D    409
     126       0       0      11       0                               0D    410
     126    1540       0       0       0                        01010000D    411
     126       0       0      22       0                               0D    412
     102    1562       0       0       0                        01010500D    413
     102       0       0       1       0                               0D    414
     102    1563       0       0       0                        01010000D    415
     102       0       0       1       0                               0D    416
     142    1564       0       0       0                        00010500D    417
     142       0       0       1       0                               0D    418
     126    1565       0       0       0                        01010500D    419
     126       0       0      22       0                               0D    420
     126    1587       0       0       0                        01010000D    421
     126       0       0      36       0                               0D    422
     126    1623       0       0       0                        01010500D    423
     126       0       0      22       0                               0D    424
     126    1645       0       0       0                        01010000D    425
     126       0       0      36       0                               0D    426
     102    1681       0       0       0                        01010500D    427
     102       0       0       1       0                               0D    428
     102    1682       0       0       0                        01010000D    429
     102       0       0       1       0                               0D    430
     142    1683       0       0       0                        00010500D    431
     142       0       0       1       0                               0D    432
     144    1684       0       0       0                        00000000D    433
     144       0      -1       1       0                               0D    434
     110    1685       0       0       0                        01010000D    435
     110       0       0       1       0                               0D    436
     110    1686       0       0       0                        01010000D    437
     110       0       0       1       0                               0D    438
     120    1687       0       0       0                        01010000D    439
     120       0       0       1       0                               0D    440
     126    1688       0       0       0                        01010500D    441
     126       0       0      11       0                               0D    442
     126    1699       0       0       0                        01010000D    443
     126       0       0      22       0                               0D    444
     126    1721       0       0       0                        01010500D    445
     126       0       0      11       0                               0D    446
     126    1732       0       0       0                        01010000D    447
     126       0       0      18       0                               0D    448
     126    1750       0       0       0                        01010500D    449
     126       0       0       2       0                               0D    450
     110    1752       0       0       0                        01010000D    451
     110       0       0       1       0                               0D    452
     126    1753       0       0       0                        01010500D    453
     126       0       0       2       0                               0D    454
     124    1755       0       0       0                        00000000D    455
     124       0       0       3       0                               0D    456
     100    1758       0       0       0             455        01010000D    457
     100       0       0       1       0                               0D    458
     126    1759       0       0       0                        01010500D    459
     126       0       0       2       0                               0D    460
     110    1761       0       0       0                        01010000D    461
     110       0       0       1       0                               0D    462
     126    1762       0       0       0                        01010500D    463
     126       0       0      11       0                               0D    464
     126    1773       0       0       0                        01010000D    465
     126       0       0      19       0                               0D    466
     126    1792       0       0       0                        01010500D    467
     126       0       0      11       0                               0D    468
     126    1803       0       0       0                        01010000D    469
     126       0       0      23       0                               0D    470
     126    1826       0       0       0                        01010500D    471
     126       0       0       2       0                               0D    472
     110    1828       0       0       0                        01010000D    473
     110       0       0       1       0                               0D    474
     126    1829       0       0       0                        01010500D    475
     126       0       0       2       0                               0D    476
     124    1831       0       0       0                        00000000D    477
     124       0       0       3       0                               0D    478
     100    1834       0       0       0             477        01010000D    479
     100       0       0       1       0                               0D    480
     126    1835       0       0       0                        01010500D    481
     126       0       0       2       0                               0D    482
     110    1837       0       0       0                        01010000D    483
     110       0       0       1       0                               0D    484
     102    1838       0       0       0                        01010500D    485
     102       0       0       1       0                               0D    486
     102    1839       0       0       0                        01010000D    487
     102       0       0       1       0                               0D    488
     142    1840       0       0       0                        00010500D    489
     142       0       0       1       0                               0D    490
     126    1841       0       0       0                        01010500D    491
     126       0       0      22       0                               0D    492
     126    1863       0       0       0                        01010000D    493
     126       0       0      36       0                               0D    494
     126    1899       0       0       0                        01010500D    495
     126       0       0      22       0                               0D    496
     126    1921       0       0       0                        01010000D    497
     126       0       0      32       0                               0D    498
     102    1953       0       0       0                        01010500D    499
     102       0       0       1       0                               0D    500
     102    1954       0       0       0                        01010000D    501
     102       0       0       1       0                               0D    502
     142    1955       0       0       0                        00010500D    503
     142       0       0       1       0                               0D    504
     144    1956       0       0       0                        00000000D    505
     144       0      -1       1       0                               0D    506
     110    1957       0       0       0                        01010000D    507
     110       0       0       1       0                               0D    508
     110    1958       0       0       0                        01010000D    509
     110       0       0       1       0                               0D    510
     120    1959       0       0       0                        01010000D    511
     120       0       0       1       0                               0D    512
     126    1960       0       0       0                        01010500D    513
     126       0       0       7       0                               0D    514
     126    1967       0       0       0                        01010000D    515
     126       0       0      20       0                               0D    516
     126    1987       0       0       0                        01010500D    517
     126       0       0       6       0                               0D    518
     126    1993       0       0       0                        01010000D    519
     126       0       0      22       0                               0D    520
     126    2015       0       0       0                        01010500D    521
     126       0       0       2       0                               0D    522
     110    2017       0       0       0                        01010000D    523
     110       0       0       1       0                               0D    524
     126    2018       0       0       0                        01010500D    525
     126       0       0       6       0                               0D    526
     126    2024       0       0       0                        01010000D    527
     126       0       0      22       0                               0D    528
     126    2046       0       0       0                        01010500D    529
     126       0       0       7       0                               0D    530
     126    2053       0       0       0                        01010000D    531
     126       0       0      20       0                               0D    532
     126    2073       0       0       0                        01010500D    533
     126       0       0       2       0                               0D    534
     110    2075       0       0       0                        01010000D    535
     110       0       0       1       0                               0D    536
     102    2076       0       0       0                        01010500D    537
     102       0       0       1       0                               0D    538
     102    2077       0       0       0                        01010000D    539
     102       0       0       1       0                               0D    540
     142    2078       0       0       0                        00010500D    541
     142       0       0       1       0                               0D    542
     144    2079       0       0       0                        00000000D    543
     144       0      -1       1       0                               0D    544
     110    2080       0       0       0                        01010000D    545
     110       0       0       1       0                               0D    546
     110    2081       0       0       0                        01010000D    547
     110       0       0       1       0                               0D    548
     120    2082       0       0       0                        01010000D    549
     120       0       0       1       0                               0D    550
     126    2083       0       0       0                        01010500D    551
     126       0       0       7       0                               0D    552
     126    2090       0       0       0                        01010000D    553
     126       0       0      22       0                               0D    554
     126    2112       0       0       0                        01010500D    555
     126       0       0       6       0                               0D    556
     126    2118       0       0       0                        01010000D    557
     126       0       0      20       0                               0D    558
     126    2138       0       0       0                        01010500D    559
     126       0       0       2       0                               0D    560
     110    2140       0       0       0                        01010000D    561
     110       0       0       1       0                               0D    562
     126    2141       0       0       0                        01010500D    563
     126       0       0       6       0                               0D    564
     126    2147       0       0       0                        01010000D    565
     126       0       0      22       0                               0D    566
     126    2169       0       0       0                        01010500D    567
     126       0       0       7       0                               0D    568
     126    2176       0       0       0                        01010000D    569
     126       0       0      19       0                               0D    570
     126    2195       0       0       0                        01010500D    571
     126       0       0       2       0                               0D    572
     110    2197       0       0       0                        01010000D    573
     110       0       0       1       0                               0D    574
     102    2198       0       0       0                        01010500D    575
     102       0       0       1       0                               0D    576
     102    2199       0       0       0                        01010000D    577
     102       0       0       1       0                               0D    578
     142    2200       0       0       0                        00010500D    579
     142       0       0       1       0                               0D    580
     144    2201       0       0       0                        00000000D    581
     144       0      -1       1       0                               0D    582
     110    2202       0       0       0                        01010000D    583
     110       0       0       1       0                               0D    584
     110    2203       0       0       0                        01010000D    585
     110       0       0       1       0                               0D    586
     120    2204       0       0       0                        01010000D    587
     120       0       0       1       0                               0D    588
     126    2205       0       0       0                        01010500D    589
     126       0       0      11       0                               0D    590
     126    2216       0       0       0                        01010000D    591
     126       0       0      34       0                               0D    592
     126    2250       0       0       0                        01010500D    593
     126       0       0       2       0                               0D    594
     110    2252       0       0       0                        01010000D    595
     110       0       0       1       0                               0D    596
     126    2253       0       0       0                        01010500D    597
     126       0       0      12       0                               0D    598
     126    2265       0       0       0                        01010000D    599
     126       0       0      34       0                               0D    600
     126    2299       0       0       0                        01010500D    601
     126       0       0       2       0                               0D    602
     110    2301       0       0       0                        01010000D    603
     110       0       0       1       0                               0D    604
     102    2302       0       0       0                        01010500D    605
     102       0       0       1       0                               0D    606
     102    2303       0       0       0                        01010000D    607
     102       0       0       1       0                               0D    608
     142    2304       0       0       0                        00010500D    609
     142       0       0       1       0                               0D    610
     144    2305       0       0       0                        00000000D    611
     144       0      -1       1       0                               0D    612
     110    2306       0       0       0                        01010000D    613
     110       0       0       1       0                               0D    614
     110    2307       0       0       0                        01010000D    615
     110       0       0       1       0                               0D    616
     120    2308       0       0       0                        01010000D    617
     120       0       0       1       0                               0D    618
     126    2309       0       0       0                        01010500D    619
     126       0       0      11       0                               0D    620
     126    2320       0       0       0                        01010000D    621
     126       0       0      37       0                               0D    622
     126    2357       0       0       0                        01010500D    623
     126       0       0       2       0                               0D    624
     110    2359       0       0       0                        01010000D    625
     110       0       0       1       0                               0D    626
     126    2360       0       0       0                        01010500D    627
     126       0       0      11       0                               0D    628
     126    2371       0       0       0                        01010000D    629
     126       0       0      36       0                               0D    630
     126    2407       0       0       0                        01010500D    631
     126       0       0       2       0                               0D    632
     110    2409       0       0       0                        01010000D    633
     110       0       0       1       0                               0D    634
     102    2410       0       0       0                        01010500D    635
     102       0       0       1       0                               0D    636
     102    2411       0       0       0                        01010000D    637
     102       0       0       1       0                               0D    638
     142    2412       0       0       0                        00010500D    639
     142       0       0       1       0                               0D    640
     144    2413       0       0       0                        00000000D    641
     144       0      -1       1       0                               0D    642
314,79.2156862745098,81.9607843137255,93.3333333333333,;               1P      1
110,-62.361,10.,0.,937.639,10.,0.;                                     3P      2
110,-62.480266177,10.,-1.25,-42.221441266,10.,-1.25;                   5P      3
120,3,5,0.,6.28318530717959;                                           7P      4
126,1,1,1,0,1,0,0.,0.,1.,1.,1.,1.,0.006554946,6.283185307,0.,          9P      5
0.994071146,6.283185307,0.,0.,1.,0.,0.,1.;                             9P      6
110,-62.347470678,10.,-1.25,-42.341552877,10.,-1.25;                  11P      7
126,16,2,1,0,1,0,0.,0.,0.,0.125,0.125,0.25,0.25,0.375,0.375,          13P      8
0.5,0.5,0.625,0.625,0.75,0.75,0.875,0.875,1.,1.,1.,1.,1.,1.,1.,       13P      9
1.,1.,1.,1.,1.,1.,1.,1.,1.,1.,1.,1.,1.,0.994071146,6.283185307,       13P     10
0.,0.994071146,6.097163917,0.,0.993937093,5.889433579,0.,             13P     11
0.993851113,5.756199523,0.,0.993615165,5.497077974,0.,                13P     12
0.993379629,5.238409224,0.,0.993293528,5.104510521,0.,                13P     13
0.993160292,4.897309683,0.,0.993160575,4.711552712,0.,                13P     14
0.993160857,4.525961552,0.,0.993294505,4.318749387,0.,                13P     15
0.993380521,4.18538856,0.,0.993616452,3.926286568,0.,                 13P     16
0.993851924,3.667688426,0.,0.993937982,3.5339645,0.,                  13P     17
0.994071146,3.327042791,0.,0.994071146,3.141592654,0.,0.,1.,0.,       13P     18
0.,-1.;                                                               13P     19
126,30,3,1,0,1,0,0.,0.,0.,0.,0.000263850959647569,                    15P     20
0.000263850959647569,0.000263850959647569,0.000687316381763823,       15P     21
0.000687316381763823,0.000687316381763823,0.00111070745285836,        15P     22
0.00111070745285836,0.00111070745285836,0.00153393478914601,          15P     23
0.00153393478914601,0.00153393478914601,0.0019571643459017,           15P     24
0.0019571643459017,0.0019571643459017,0.00238055868883641,            15P     25
0.00238055868883641,0.00238055868883641,0.00280402326974421,          15P     26
0.00280402326974421,0.00280402326974421,0.00322735382465493,          15P     27
0.00322735382465493,0.00322735382465493,0.00365055525018282,          15P     28
0.00365055525018282,0.00365055525018282,0.00394151520572493,          15P     29
0.00394151520572493,0.00394151520572493,0.00394151520572493,1.,       15P     30
1.,1.,1.,1.,1.,1.,1.,1.,1.,1.,1.,1.,1.,1.,1.,1.,1.,1.,1.,1.,1.,       15P     31
1.,1.,1.,1.,1.,1.,1.,1.,1.,-42.341552877,10.,-1.25,                   15P     32
-42.341552877,9.91204968,-1.25,-42.341832959,9.823613318,             15P     33
-1.240613845,-42.342365796,9.737623875,-1.222153333,                  15P     34
-42.34321356,9.600811501,-1.192781977,-42.344736907,                  15P     35
9.467187984,-1.139380971,-42.346575263,9.347821713,                   15P     36
-1.066378677,-42.348413317,9.228475068,-0.993388385,                  15P     37
-42.350602412,9.120087662,-0.898790726,-42.352625002,                 15P     38
9.031627877,-0.790414721,-42.354646826,8.943201604,                   15P     39
-0.682079773,-42.356542063,8.872250041,-0.556990162,                  15P     40
-42.357862988,8.824646056,-0.425491606,-42.359183909,                 15P     41
8.777042187,-0.293993371,-42.359956486,8.751474677,                   15P     42
-0.152460406,-42.359998123,8.750063623,-0.01261168,                   15P     43
-42.360039775,8.748652036,0.127289919,-42.359350724,                  15P     44
8.771376796,0.269365725,-42.358093944,8.816352001,0.401842526,        15P     45
-42.356836952,8.861334791,0.534341666,-42.354987307,                  15P     46
8.929815839,0.660895526,-42.352982418,9.016120088,0.771025498,        15P     47
-42.350978139,9.102398098,0.881121988,-42.348779263,                  15P     48
9.208867306,0.977841858,-42.3469055,9.326720365,1.053183049,          15P     49
-42.345032304,9.4445378,1.128501465,-42.343447194,9.576980356,        15P     50
1.184529802,-42.34252492,9.71309128,1.216627875,-42.341889957,        15P     51
9.80680031,1.238726611,-42.341552877,9.903718435,1.25,                15P     52
-42.341552877,10.,1.25,0.,0.00394151520572493,0.999626147,0.,         15P     53
0.027341644;                                                          15P     54
126,1,1,1,0,1,0,0.,0.,1.,1.,1.,1.,0.994071146,3.141592654,0.,         17P     55
0.006554946,3.141592654,0.,0.,1.,0.,0.,1.;                            17P     56
110,-42.341552877,10.,1.25,-62.347470678,10.,1.25;                    19P     57
126,16,2,1,0,1,0,0.,0.,0.,0.125,0.125,0.25,0.25,0.375,0.375,          21P     58
0.5,0.5,0.625,0.625,0.75,0.75,0.875,0.875,1.,1.,1.,1.,1.,1.,1.,       21P     59
1.,1.,1.,1.,1.,1.,1.,1.,1.,1.,1.,1.,1.,0.006554946,3.141592654,       21P     60
0.,0.006554946,3.327159587,0.,0.00646439,3.53423785,0.,               21P     61
0.006405944,3.667888605,0.,0.00624555,3.927232419,0.,                 21P     62
0.006085317,4.186314113,0.,0.006026847,4.320148251,0.,                21P     63
0.005936402,4.52716971,0.,0.005936483,4.712743675,0.,                 21P     64
0.005936565,4.898207773,0.,0.006027087,5.105177977,0.,                21P     65
0.006085536,5.238817698,0.,0.006245589,5.497608448,0.,                21P     66
0.006405815,5.756680153,0.,0.006464248,5.890216033,0.,                21P     67
0.006554946,6.097484161,0.,0.006554946,6.283185307,0.,0.,1.,0.,       21P     68
0.,1.;                                                                21P     69
126,30,3,1,0,1,0,0.00394150912596138,0.00394150912596138,             23P     70
0.00394150912596138,0.00394150912596138,0.00407354370661491,          23P     71
0.00407354370661491,0.00407354370661491,0.00449696312012813,          23P     72
0.00449696312012813,0.00449696312012813,0.00492037998168196,          23P     73
0.00492037998168196,0.00492037998168196,0.00534372048891718,          23P     74
0.00534372048891718,0.00534372048891718,0.00576702999534288,          23P     75
0.00576702999534288,0.00576702999534288,0.00619040222737754,          23P     76
0.00619040222737754,0.00619040222737754,0.00661383304042173,          23P     77
0.00661383304042173,0.00661383304042173,0.00703722682982294,          23P     78
0.00703722682982294,0.00703722682982294,0.00746056626544133,          23P     79
0.00746056626544133,0.00746056626544133,0.00788390932570774,          23P     80
0.00788390932570774,0.00788390932570774,0.00788390932570774,1.,       23P     81
1.,1.,1.,1.,1.,1.,1.,1.,1.,1.,1.,1.,1.,1.,1.,1.,1.,1.,1.,1.,1.,       23P     82
1.,1.,1.,1.,1.,1.,1.,1.,1.,-62.347470678,10.,1.25,                    23P     83
-62.347470678,9.956075679,1.25,-62.347517353,9.912090445,             23P     84
1.247678343,-62.347609544,9.868410286,1.243054362,                    23P     85
-62.347903202,9.729274286,1.228325428,-62.348685596,                  23P     86
9.590763373,1.189369605,-62.349771614,9.46435057,1.12941564,          23P     87
-62.350857629,9.337938068,1.069461818,-62.352268618,                  23P     88
9.220135994,0.986856589,-62.35367089,9.120697197,0.888440533,         23P     89
-62.355072916,9.021275819,0.790041717,-62.356493814,                  23P     90
8.937469257,0.673124137,-62.357597714,8.876215045,0.547364024,        23P     91
-62.358701532,8.814965403,0.421613293,-62.359510112,                  23P     92
8.774576306,0.283553608,-62.359832317,8.758393554,0.144614779,        23P     93
-62.360154567,8.742208499,0.005656163,-62.35999663,8.749790754,       23P     94
-0.138014626,-62.359395855,8.780511809,-0.274496906,                  23P     95
-62.358794998,8.811237079,-0.410997913,-62.357739358,                 23P     96
8.865954851,-0.544074386,-62.35647859,8.940131101,-0.662705,          23P     97
-62.355217924,9.014301255,-0.781325864,-62.35372736,                  23P     98
9.109972092,-0.888775654,-62.352359314,9.219223418,                   23P     99
-0.976159786,-62.350991441,9.328460947,-1.063532885,                  23P    100
-62.349719147,9.454288102,-1.133254836,-62.34884326,                  23P    101
9.586290094,-1.179552506,-62.347967369,9.718292729,-1.2258504,        23P    102
-62.347470678,9.860110909,-1.25,-62.347470678,10.,-1.25,              23P    103
0.00394150912596138,0.00788390932570774,-0.999833817,0.,              23P    104
0.018230142;                                                          23P    105
102,4,9,13,17,21;                                                     25P    106
102,4,11,15,19,23;                                                    27P    107
142,1,7,25,27,1;                                                      29P    108
144,7,1,0,29;                                                         31P    109
110,-62.361,10.,0.,937.639,10.,0.;                                    33P    110
110,42.221441266,10.,-1.25,62.480266177,10.,-1.25;                    35P    111
120,33,35,0.,6.28318530717959;                                        37P    112
126,1,1,1,0,1,0,0.,0.,1.,1.,1.,1.,0.005928854,6.283185307,0.,         39P    113
0.993445054,6.283185307,0.,0.,1.,0.,0.,1.;                            39P    114
110,42.341552877,10.,-1.25,62.347470678,10.,-1.25;                    41P    115
126,16,2,1,0,1,0,0.,0.,0.,0.125,0.125,0.25,0.25,0.375,0.375,          43P    116
0.5,0.5,0.625,0.625,0.75,0.75,0.875,0.875,1.,1.,1.,1.,1.,1.,1.,       43P    117
1.,1.,1.,1.,1.,1.,1.,1.,1.,1.,1.,1.,1.,0.993445054,6.283185307,       43P    118
0.,0.993445054,6.097618374,0.,0.99353561,5.89054011,0.,               43P    119
0.993594056,5.756889355,0.,0.99375445,5.497545542,0.,                 43P    120
0.993914683,5.238463848,0.,0.993973153,5.10462971,0.,                 43P    121
0.994063598,4.89760825,0.,0.994063517,4.712034286,0.,                 43P    122
0.994063435,4.526570188,0.,0.993972913,4.319599984,0.,                43P    123
0.993914464,4.185960263,0.,0.993754411,3.927169513,0.,                43P    124
0.993594185,3.668097808,0.,0.993535752,3.534561927,0.,                43P    125
0.993445054,3.3272938,0.,0.993445054,3.141592654,0.,0.,1.,0.,         43P    126
0.,1.;                                                                43P    127
126,30,3,1,0,1,0,0.00394150912596138,0.00394150912596138,             45P    128
0.00394150912596138,0.00394150912596138,0.00407354370661491,          45P    129
0.00407354370661491,0.00407354370661491,0.00449696312012813,          45P    130
0.00449696312012813,0.00449696312012813,0.00492037998168195,          45P    131
0.00492037998168195,0.00492037998168195,0.00534372048891718,          45P    132
0.00534372048891718,0.00534372048891718,0.00576702999534288,          45P    133
0.00576702999534288,0.00576702999534288,0.00619040222737754,          45P    134
0.00619040222737754,0.00619040222737754,0.00661383304042173,          45P    135
0.00661383304042173,0.00661383304042173,0.00703722682982294,          45P    136
0.00703722682982294,0.00703722682982294,0.00746056626544132,          45P    137
0.00746056626544132,0.00746056626544132,0.00788390932570773,          45P    138
0.00788390932570773,0.00788390932570773,0.00788390932570773,1.,       45P    139
1.,1.,1.,1.,1.,1.,1.,1.,1.,1.,1.,1.,1.,1.,1.,1.,1.,1.,1.,1.,1.,       45P    140
1.,1.,1.,1.,1.,1.,1.,1.,1.,62.347470678,10.,-1.25,62.347470678,       45P    141
9.956075679,-1.25,62.347517353,9.912090445,-1.247678343,              45P    142
62.347609544,9.868410286,-1.243054362,62.347903202,9.729274286,       45P    143
-1.228325428,62.348685596,9.590763373,-1.189369605,                   45P    144
62.349771614,9.46435057,-1.12941564,62.350857629,9.337938068,         45P    145
-1.069461818,62.352268618,9.220135994,-0.986856589,62.35367089,       45P    146
9.120697197,-0.888440533,62.355072916,9.021275819,-0.790041717,       45P    147
62.356493814,8.937469257,-0.673124137,62.357597714,8.876215045,       45P    148
-0.547364024,62.358701532,8.814965403,-0.421613293,                   45P    149
62.359510112,8.774576306,-0.283553608,62.359832317,8.758393554,       45P    150
-0.144614779,62.360154567,8.742208499,-0.005656163,62.35999663,       45P    151
8.749790754,0.138014626,62.359395855,8.780511809,0.274496906,         45P    152
62.358794998,8.811237079,0.410997913,62.357739358,8.865954851,        45P    153
0.544074386,62.35647859,8.940131101,0.662705,62.355217924,            45P    154
9.014301255,0.781325864,62.35372736,9.109972092,0.888775654,          45P    155
62.352359314,9.219223418,0.976159786,62.350991441,9.328460947,        45P    156
1.063532885,62.349719147,9.454288102,1.133254836,62.34884326,         45P    157
9.586290094,1.179552506,62.347967369,9.718292729,1.2258504,           45P    158
62.347470678,9.860110909,1.25,62.347470678,10.,1.25,                  45P    159
0.00394150912596138,0.00788390932570773,0.999833817,0.,               45P    160
-0.018230142;                                                         45P    161
126,1,1,1,0,1,0,0.,0.,1.,1.,1.,1.,0.993445054,3.141592654,0.,         47P    162
0.005928854,3.141592654,0.,0.,1.,0.,0.,1.;                            47P    163
110,62.347470678,10.,1.25,42.341552877,10.,1.25;                      49P    164
126,16,2,1,0,1,0,0.,0.,0.,0.125,0.125,0.25,0.25,0.375,0.375,          51P    165
0.5,0.5,0.625,0.625,0.75,0.75,0.875,0.875,1.,1.,1.,1.,1.,1.,1.,       51P    166
1.,1.,1.,1.,1.,1.,1.,1.,1.,1.,1.,1.,1.,0.005928854,3.141592654,       51P    167
0.,0.005928854,3.327158167,0.,0.006062197,3.534243013,0.,             51P    168
0.00614824,3.667868574,0.,0.006384406,3.927228241,0.,                 51P    169
0.006620296,4.186285481,0.,0.00670639,4.32013991,0.,                  51P    170
0.006839546,4.527162913,0.,0.006839426,4.712744068,0.,                51P    171
0.006839306,4.898214435,0.,0.006706038,5.105184975,0.,                51P    172
0.006619975,5.238845462,0.,0.006384353,5.497607729,0.,                51P    173
0.006148432,5.756698593,0.,0.006062408,5.890208425,0.,                51P    174
0.005928854,6.097484579,0.,0.005928854,6.283185307,0.,0.,1.,0.,       51P    175
0.,-1.;                                                               51P    176
126,30,3,1,0,1,0,0.00394151520572493,0.00394151520572493,             53P    177
0.00394151520572493,0.00394151520572493,0.00407383396683197,          53P    178
0.00407383396683197,0.00407383396683197,0.00449727581745815,          53P    179
0.00449727581745815,0.00449727581745815,0.00492071194454514,          53P    180
0.00492071194454514,0.00492071194454514,0.00534398262630654,          53P    181
0.00534398262630654,0.00534398262630654,0.00576718625168432,          53P    182
0.00576718625168432,0.00576718625168432,0.00619052579682501,          53P    183
0.00619052579682501,0.00619052579682501,0.00661399226639294,          53P    184
0.00661399226639294,0.00661399226639294,0.00703737845985215,          53P    185
0.00703737845985215,0.00703737845985215,0.00746064686873524,          53P    186
0.00746064686873524,0.00746064686873524,0.00788392313242588,          53P    187
0.00788392313242588,0.00788392313242588,0.00788392313242588,1.,       53P    188
1.,1.,1.,1.,1.,1.,1.,1.,1.,1.,1.,1.,1.,1.,1.,1.,1.,1.,1.,1.,1.,       53P    189
1.,1.,1.,1.,1.,1.,1.,1.,1.,42.341552877,10.,1.25,42.341552877,        53P    190
9.955980535,1.25,42.341621905,9.911899734,1.24766824,                 53P    191
42.341758238,9.868126135,1.243024249,42.3421916,9.728983383,          53P    192
1.228262435,42.343344669,9.590472343,1.189270088,42.344944463,        53P    193
9.464069401,1.129282247,42.346544249,9.337667168,1.069294742,         53P    194
42.348622189,9.219884373,0.986657961,42.350686818,9.12046947,         53P    195
0.88821509,42.352750663,9.0210923,0.789809585,42.354841821,           53P    196
8.937328433,0.672896891,42.356466226,8.876108932,0.547146111,         53P    197
42.358090368,8.814899312,0.421415628,42.359279857,8.774540493,        53P    198
0.283383453,42.359753627,8.758377126,0.144473659,42.360227544,        53P    199
8.742208769,0.005520985,42.35999459,8.749805887,-0.138142615,         53P    200
42.359109853,8.780538007,-0.274613271,42.358224854,8.811279265,       53P    201
-0.4111245,42.356670266,8.866016973,-0.544206002,42.354813779,        53P    202
8.940212165,-0.662834628,42.352957623,9.014394135,-0.781442116,       53P    203
42.350763146,9.110072034,-0.888874741,42.348749085,9.219327822,       53P    204
-0.976243285,42.346735575,9.328553714,-1.063587921,42.34486277,       53P    205
9.454361914,-1.13328763,42.343573425,9.586345056,-1.179571781,        53P    206
42.342284066,9.718329591,-1.225856421,42.341552877,9.860129175,       53P    207
-1.25,42.341552877,10.,-1.25,0.00394151520572493,                     53P    208
0.00788392313242588,-0.999639878,0.,-0.026834936;                     53P    209
102,4,39,43,47,51;                                                    55P    210
102,4,41,45,49,53;                                                    57P    211
142,1,37,55,57,1;                                                     59P    212
144,37,1,0,59;                                                        61P    213
110,0.,10.,62.361,0.,10.,-937.639;                                    63P    214
110,-1.25,10.,62.480110683,-1.25,10.,42.221442194;                    65P    215
120,63,65,0.,6.28318530717959;                                        67P    216
126,8,2,1,0,1,0,0.,0.,0.,0.25,0.25,0.5,0.5,0.75,0.75,1.,1.,1.,        69P    217
1.,1.,1.,1.,1.,1.,1.,1.,1.,0.005928854,4.71238898,0.,                 69P    218
0.005928854,4.897911525,0.,0.006019342,5.10491233,0.,                 69P    219
0.006077802,5.238646075,0.,0.006237852,5.497431059,0.,                69P    220
0.006398153,5.756622838,0.,0.006456584,5.890126916,0.,                69P    221
0.006547321,6.097447263,0.,0.006547321,6.283185307,0.,0.,1.,0.,       69P    222
0.,-1.;                                                               69P    223
126,15,3,1,0,1,0,0.00591226259124289,0.00591226259124289,             71P    224
0.00591226259124289,0.00591226259124289,0.00619040222737754,          71P    225
0.00619040222737754,0.00619040222737754,0.00661383304042174,          71P    226
0.00661383304042174,0.00661383304042174,0.00703722682982294,          71P    227
0.00703722682982294,0.00703722682982294,0.00746056626544133,          71P    228
0.00746056626544133,0.00746056626544133,0.00788390932570774,          71P    229
0.00788390932570774,0.00788390932570774,0.00788390932570774,1.,       71P    230
1.,1.,1.,1.,1.,1.,1.,1.,1.,1.,1.,1.,1.,1.,1.,0.,8.75,62.36,           71P    231
-0.092062712,8.75,62.36,-0.184682222,8.760295251,62.359791206,        71P    232
-0.274496906,8.780511809,62.359395855,-0.410997913,8.811237079,       71P    233
62.358794998,-0.544074386,8.865954851,62.357739358,-0.662705,         71P    234
8.940131101,62.35647859,-0.781325864,9.014301255,62.355217924,        71P    235
-0.888775654,9.109972092,62.35372736,-0.976159786,9.219223418,        71P    236
62.352359314,-1.063532885,9.328460947,62.350991441,                   71P    237
-1.133254836,9.454288102,62.349719147,-1.179552506,9.586290094,       71P    238
62.34884326,-1.2258504,9.718292729,62.347967369,-1.25,                71P    239
9.860110909,62.347470678,-1.25,10.,62.347470678,                      71P    240
0.00591226259124289,0.00788390932570774,0.,0.019492175,               71P    241
0.99981001;                                                           71P    242
126,1,1,1,0,1,0,0.,0.,1.,1.,1.,1.,0.006547321,6.283185307,0.,         73P    243
0.994071146,6.283185307,0.,0.,1.,0.,0.,1.;                            73P    244
110,-1.25,10.,62.347470678,-1.25,10.,42.341552877;                    75P    245
126,8,2,1,0,1,0,0.,0.,0.,0.25,0.25,0.5,0.5,0.75,0.75,1.,1.,1.,        77P    246
1.,1.,1.,1.,1.,1.,1.,1.,1.,0.994071146,6.283185307,0.,                77P    247
0.994071146,6.09724933,0.,0.993937225,5.889640041,0.,                 77P    248
0.993851232,5.756331888,0.,0.993615538,5.497491809,0.,                77P    249
0.99337999,5.238812825,0.,0.993293923,5.105134619,0.,                 77P    250
0.993160567,4.89800717,0.,0.993160567,4.71238898,0.,0.,1.,0.,         77P    251
0.,-1.;                                                               77P    252
126,18,3,1,0,1,0,0.,0.,0.,0.,0.000263850959647572,                    79P    253
0.000263850959647572,0.000263850959647572,0.000687316381763827,       79P    254
0.000687316381763827,0.000687316381763827,0.00111070745285836,        79P    255
0.00111070745285836,0.00111070745285836,0.00153393478914601,          79P    256
0.00153393478914601,0.00153393478914601,0.0019571643459017,           79P    257
0.0019571643459017,0.0019571643459017,0.00196971630630947,            79P    258
0.00196971630630947,0.00196971630630947,0.00196971630630947,1.,       79P    259
1.,1.,1.,1.,1.,1.,1.,1.,1.,1.,1.,1.,1.,1.,1.,1.,1.,1.,-1.25,          79P    260
10.,42.341552877,-1.25,9.91204968,42.341552877,-1.240613845,          79P    261
9.823613318,42.341832959,-1.222153333,9.737623875,42.342365796,       79P    262
-1.192781977,9.600811501,42.34321356,-1.139380971,9.467187984,        79P    263
42.344736907,-1.066378677,9.347821713,42.346575263,                   79P    264
-0.993388385,9.228475068,42.348413317,-0.898790726,9.120087662,       79P    265
42.350602412,-0.790414721,9.031627877,42.352625002,                   79P    266
-0.682079773,8.943201604,42.354646826,-0.556990162,8.872250041,       79P    267
42.356542063,-0.425491606,8.824646056,42.357862988,                   79P    268
-0.293993371,8.777042187,42.359183909,-0.152460406,8.751474677,       79P    269
42.359956486,-0.01261168,8.750063623,42.359998123,-0.008407947,       79P    270
8.750021208,42.359999374,-0.004203947,8.75,42.36,0.,8.75,42.36,       79P    271
0.,0.00196971630630947,0.027341644,0.,-0.999626147;                   79P    272
126,8,2,1,0,1,0,0.,0.,0.,0.25,0.25,0.5,0.5,0.75,0.75,1.,1.,1.,        81P    273
1.,1.,1.,1.,1.,1.,1.,1.,1.,0.993160567,4.71238898,0.,                 81P    274
0.993160567,4.526658407,0.,0.993294098,4.319371999,0.,                81P    275
0.99338015,4.185789803,0.,0.993616072,3.926699904,0.,                 81P    276
0.993851801,3.667822225,0.,0.993937848,3.534170954,0.,                81P    277
0.994071146,3.327128319,0.,0.994071146,3.141592654,0.,0.,1.,0.,       81P    278
0.,1.;                                                                81P    279
126,15,3,1,0,1,0,0.00196971630630947,0.00196971630630947,             83P    280
0.00196971630630947,0.00196971630630947,0.00238055868883641,          83P    281
0.00238055868883641,0.00238055868883641,0.00280402326974421,          83P    282
0.00280402326974421,0.00280402326974421,0.00322735382465493,          83P    283
0.00322735382465493,0.00322735382465493,0.00365055525018282,          83P    284
0.00365055525018282,0.00365055525018282,0.00394151520572493,          83P    285
0.00394151520572493,0.00394151520572493,0.00394151520572493,1.,       83P    286
1.,1.,1.,1.,1.,1.,1.,1.,1.,1.,1.,1.,1.,1.,1.,0.,8.75,42.36,           83P    287
0.135762716,8.75,42.36,0.273291498,8.772709576,42.359313481,          83P    288
0.401842526,8.816352001,42.358093944,0.534341666,8.861334791,         83P    289
42.356836952,0.660895526,8.929815839,42.354987307,0.771025498,        83P    290
9.016120088,42.352982418,0.881121988,9.102398098,42.350978139,        83P    291
0.977841858,9.208867306,42.348779263,1.053183049,9.326720365,         83P    292
42.3469055,1.128501465,9.4445378,42.345032304,1.184529802,            83P    293
9.576980356,42.343447194,1.216627875,9.71309128,42.34252492,          83P    294
1.238726611,9.80680031,42.341889957,1.25,9.903718435,                 83P    295
42.341552877,1.25,10.,42.341552877,0.00196971630630947,               83P    296
0.00394151520572493,0.,-0.028398779,-0.999596673;                     83P    297
126,1,1,1,0,1,0,0.,0.,1.,1.,1.,1.,0.994071146,3.141592654,0.,         85P    298
0.006547321,3.141592654,0.,0.,1.,0.,0.,1.;                            85P    299
110,1.25,10.,42.341552877,1.25,10.,62.347470678;                      87P    300
126,8,2,1,0,1,0,0.,0.,0.,0.25,0.25,0.5,0.5,0.75,0.75,1.,1.,1.,        89P    301
1.,1.,1.,1.,1.,1.,1.,1.,1.,0.006547321,3.141592654,0.,                89P    302
0.006547321,3.327122648,0.,0.006456803,3.534148677,0.,                89P    303
0.006398354,3.667831187,0.,0.006238033,3.927052936,0.,                89P    304
0.006077796,4.186141568,0.,0.006019335,4.319881052,0.,                89P    305
0.005928854,4.526872825,0.,0.005928854,4.71238898,0.,0.,1.,0.,        89P    306
0.,1.;                                                                89P    307
126,18,3,1,0,1,0,0.00394150912596138,0.00394150912596138,             91P    308
0.00394150912596138,0.00394150912596138,0.00407354370661491,          91P    309
0.00407354370661491,0.00407354370661491,0.00449696312012813,          91P    310
0.00449696312012813,0.00449696312012813,0.00492037998168196,          91P    311
0.00492037998168196,0.00492037998168196,0.00534372048891718,          91P    312
0.00534372048891718,0.00534372048891718,0.00576702999534288,          91P    313
0.00576702999534288,0.00576702999534288,0.00591226259124289,          91P    314
0.00591226259124289,0.00591226259124289,0.00591226259124289,1.,       91P    315
1.,1.,1.,1.,1.,1.,1.,1.,1.,1.,1.,1.,1.,1.,1.,1.,1.,1.,1.25,10.,       91P    316
62.347470678,1.25,9.956075679,62.347470678,1.247678343,               91P    317
9.912090445,62.347517353,1.243054362,9.868410286,62.347609544,        91P    318
1.228325428,9.729274286,62.347903202,1.189369605,9.590763373,         91P    319
62.348685596,1.12941564,9.46435057,62.349771614,1.069461818,          91P    320
9.337938068,62.350857629,0.986856589,9.220135994,62.352268618,        91P    321
0.888440533,9.120697197,62.35367089,0.790041717,9.021275819,          91P    322
62.355072916,0.673124137,8.937469257,62.356493814,0.547364024,        91P    323
8.876215045,62.357597714,0.421613293,8.814965403,62.358701532,        91P    324
0.283553608,8.774576306,62.359510112,0.144614779,8.758393554,         91P    325
62.359832317,0.096653055,8.752807264,62.359943542,0.048286085,        91P    326
8.75,62.36,0.,8.75,62.36,0.00394150912596138,                         91P    327
0.00591226259124289,0.018230142,0.,0.999833817;                       91P    328
102,6,69,73,77,81,85,89;                                              93P    329
102,6,71,75,79,83,87,91;                                              95P    330
142,1,67,93,95,1;                                                     97P    331
144,67,1,0,97;                                                        99P    332
110,0.,10.,-62.361,0.,10.,937.639;                                   101P    333
110,1.25,10.,-62.480110683,1.25,10.,-42.221442194;                   103P    334
120,101,103,0.,6.28318530717959;                                     105P    335
126,8,2,1,0,1,0,0.,0.,0.,0.25,0.25,0.5,0.5,0.75,0.75,1.,1.,1.,       107P    336
1.,1.,1.,1.,1.,1.,1.,1.,1.,0.005928854,4.71238898,0.,                107P    337
0.005928854,4.897911525,0.,0.006019342,5.10491233,0.,                107P    338
0.006077802,5.238646075,0.,0.006237852,5.497431059,0.,               107P    339
0.006398153,5.756622838,0.,0.006456584,5.890126916,0.,               107P    340
0.006547321,6.097447263,0.,0.006547321,6.283185307,0.,0.,1.,0.,      107P    341
0.,-1.;                                                              107P    342
126,15,3,1,0,1,0,0.0059122625912429,0.0059122625912429,              109P    343
0.0059122625912429,0.0059122625912429,0.00619040222737754,           109P    344
0.00619040222737754,0.00619040222737754,0.00661383304042174,         109P    345
0.00661383304042174,0.00661383304042174,0.00703722682982294,         109P    346
0.00703722682982294,0.00703722682982294,0.00746056626544133,         109P    347
0.00746056626544133,0.00746056626544133,0.00788390932570774,         109P    348
0.00788390932570774,0.00788390932570774,0.00788390932570774,1.,      109P    349
1.,1.,1.,1.,1.,1.,1.,1.,1.,1.,1.,1.,1.,1.,1.,0.,8.75,-62.36,         109P    350
0.092062712,8.75,-62.36,0.184682222,8.760295251,-62.359791206,       109P    351
0.274496906,8.780511809,-62.359395855,0.410997913,8.811237079,       109P    352
-62.358794998,0.544074386,8.865954851,-62.357739358,0.662705,        109P    353
8.940131101,-62.35647859,0.781325864,9.014301255,-62.355217924,      109P    354
0.888775654,9.109972092,-62.35372736,0.976159786,9.219223418,        109P    355
-62.352359314,1.063532885,9.328460947,-62.350991441,                 109P    356
1.133254836,9.454288102,-62.349719147,1.179552506,9.586290094,       109P    357
-62.34884326,1.2258504,9.718292729,-62.347967369,1.25,               109P    358
9.860110909,-62.347470678,1.25,10.,-62.347470678,                    109P    359
0.0059122625912429,0.00788390932570774,0.,0.019492175,               109P    360
-0.99981001;                                                         109P    361
126,1,1,1,0,1,0,0.,0.,1.,1.,1.,1.,0.006547321,6.283185307,0.,        111P    362
0.994071146,6.283185307,0.,0.,1.,0.,0.,1.;                           111P    363
110,1.25,10.,-62.347470678,1.25,10.,-42.341552877;                   113P    364
126,8,2,1,0,1,0,0.,0.,0.,0.25,0.25,0.5,0.5,0.75,0.75,1.,1.,1.,       115P    365
1.,1.,1.,1.,1.,1.,1.,1.,1.,0.994071146,6.283185307,0.,               115P    366
0.994071146,6.09746798,0.,0.993937565,5.890168333,0.,                115P    367
0.993851543,5.756672854,0.,0.993615542,5.497496247,0.,               115P    368
0.993379892,5.238704853,0.,0.993293816,5.104967287,0.,               115P    369
0.993160567,4.897937848,0.,0.993160567,4.71238898,0.,0.,1.,0.,       115P    370
0.,-1.;                                                              115P    371
126,15,3,1,0,1,0,0.00196971629974323,0.00196971629974323,            117P    372
0.00196971629974323,0.00196971629974323,0.00238055864781326,         117P    373
0.00238055864781326,0.00238055864781326,0.00280402320354019,         117P    374
0.00280402320354019,0.00280402320354019,0.0032273537338999,          117P    375
0.0032273537338999,0.0032273537338999,0.00365055530429311,           117P    376
0.00365055530429311,0.00365055530429311,0.00394151519954771,         117P    377
0.00394151519954771,0.00394151519954771,0.00394151519954771,1.,      117P    378
1.,1.,1.,1.,1.,1.,1.,1.,1.,1.,1.,1.,1.,1.,1.,1.25,10.,               117P    379
-42.341552877,1.25,9.864237296,-42.341552877,1.227290428,            117P    380
9.726708527,-42.342239718,1.183648012,9.598157513,                   117P    381
-42.343459677,1.13866523,9.465658382,-42.344717103,1.070184196,      117P    382
9.339104533,-42.346567254,0.983879961,9.228974564,                   117P    383
-42.348572352,0.897601964,9.118878076,-42.350576839,                 117P    384
0.791132768,9.022158202,-42.352775609,0.673279717,8.946817004,       117P    385
-42.35464903,0.555462246,8.871498551,-42.356521885,0.423019638,      117P    386
8.81547019,-42.358106443,0.286908665,8.783372112,-42.359028358,      117P    387
0.19319965,8.761273384,-42.359663073,0.096281545,8.75,-42.36,        117P    388
0.,8.75,-42.36,0.00196971629974323,0.00394151519954771,              117P    389
-0.028409356,0.,0.999596373;                                         117P    390
126,8,2,1,0,1,0,0.,0.,0.,0.25,0.25,0.5,0.5,0.75,0.75,1.,1.,1.,       119P    391
1.,1.,1.,1.,1.,1.,1.,1.,1.,0.993160567,4.71238898,0.,                119P    392
0.993160567,4.526847243,0.,0.993293805,4.319827881,0.,               119P    393
0.993379882,4.186083933,0.,0.99361586,3.926933058,0.,                119P    394
0.993851837,3.667782433,0.,0.993937888,3.534109211,0.,               119P    395
0.994071146,3.327102743,0.,0.994071146,3.141592654,0.,0.,1.,0.,      119P    396
0.,1.;                                                               119P    397
126,18,3,1,0,1,0,0.00394151519954771,0.00394151519954771,            121P    398
0.00394151519954771,0.00394151519954771,0.00407383405562757,         121P    399
0.00407383405562757,0.00407383405562757,0.00449727584568917,         121P    400
0.00449727584568917,0.00449727584568917,0.00492071203240747,         121P    401
0.00492071203240747,0.00492071203240747,0.00534398267131021,         121P    402
0.00534398267131021,0.00534398267131021,0.00576718615242531,         121P    403
0.00576718615242531,0.00576718615242531,0.00591227204085649,         121P    404
0.00591227204085649,0.00591227204085649,0.00591227204085649,1.,      121P    405
1.,1.,1.,1.,1.,1.,1.,1.,1.,1.,1.,1.,1.,1.,1.,1.,1.,1.,0.,8.75,       121P    406
-42.36,-0.044019497,8.75,-42.36,-0.088100329,8.752331763,            121P    407
-42.359931002,-0.13187396,8.756975761,-42.359794726,                 121P    408
-0.271016692,8.771737583,-42.359361549,-0.409527713,                 121P    409
8.810729932,-42.358208972,-0.535930641,8.870717773,                  121P    410
-42.356609618,-0.662332893,8.930705293,-42.355010273,                121P    411
-0.780115703,9.013342098,-42.352932686,-0.879530612,                 121P    412
9.111784991,-42.350868066,-0.978907763,9.210190496,                  121P    413
-42.34880423,-1.06267161,9.327103179,-42.346712736,                  121P    414
-1.123891096,9.452853946,-42.345087895,-1.185100687,                 121P    415
9.578584387,-42.343463316,-1.225459493,9.716616509,                  121P    416
-42.342273327,-1.241622864,9.855526256,-42.341799356,                121P    417
-1.247198233,9.903441571,-42.341635864,-1.25,9.951761127,            121P    418
-42.341552877,-1.25,10.,-42.341552877,0.00394151519954771,           121P    419
0.00591227204085649,0.,-0.02682735,0.999640082;                      121P    420
126,1,1,1,0,1,0,0.,0.,1.,1.,1.,1.,0.994071146,3.141592654,0.,        123P    421
0.006547321,3.141592654,0.,0.,1.,0.,0.,1.;                           123P    422
110,-1.25,10.,-42.341552877,-1.25,10.,-62.347470678;                 125P    423
126,8,2,1,0,1,0,0.,0.,0.,0.25,0.25,0.5,0.5,0.75,0.75,1.,1.,1.,       127P    424
1.,1.,1.,1.,1.,1.,1.,1.,1.,0.006547321,3.141592654,0.,               127P    425
0.006547321,3.327122648,0.,0.006456803,3.534148677,0.,               127P    426
0.006398354,3.667831187,0.,0.006238033,3.927052936,0.,               127P    427
0.006077796,4.186141568,0.,0.006019335,4.319881052,0.,               127P    428
0.005928854,4.526872825,0.,0.005928854,4.71238898,0.,0.,1.,0.,       127P    429
0.,1.;                                                               127P    430
126,18,3,1,0,1,0,0.00394150912596138,0.00394150912596138,            129P    431
0.00394150912596138,0.00394150912596138,0.00407354370661491,         129P    432
0.00407354370661491,0.00407354370661491,0.00449696312012813,         129P    433
0.00449696312012813,0.00449696312012813,0.00492037998168196,         129P    434
0.00492037998168196,0.00492037998168196,0.00534372048891718,         129P    435
0.00534372048891718,0.00534372048891718,0.00576702999534288,         129P    436
0.00576702999534288,0.00576702999534288,0.0059122625912429,          129P    437
0.0059122625912429,0.0059122625912429,0.0059122625912429,1.,1.,      129P    438
1.,1.,1.,1.,1.,1.,1.,1.,1.,1.,1.,1.,1.,1.,1.,1.,1.,-1.25,10.,        129P    439
-62.347470678,-1.25,9.956075679,-62.347470678,-1.247678343,          129P    440
9.912090445,-62.347517353,-1.243054362,9.868410286,                  129P    441
-62.347609544,-1.228325428,9.729274286,-62.347903202,                129P    442
-1.189369605,9.590763373,-62.348685596,-1.12941564,9.46435057,       129P    443
-62.349771614,-1.069461818,9.337938068,-62.350857629,                129P    444
-0.986856589,9.220135994,-62.352268618,-0.888440533,                 129P    445
9.120697197,-62.35367089,-0.790041717,9.021275819,                   129P    446
-62.355072916,-0.673124137,8.937469257,-62.356493814,                129P    447
-0.547364024,8.876215045,-62.357597714,-0.421613293,                 129P    448
8.814965403,-62.358701532,-0.283553608,8.774576306,                  129P    449
-62.359510112,-0.144614779,8.758393554,-62.359832317,                129P    450
-0.096653055,8.752807264,-62.359943542,-0.048286085,8.75,            129P    451
-62.36,0.,8.75,-62.36,0.00394150912596138,0.0059122625912429,        129P    452
-0.018230142,0.,-0.999833817;                                        129P    453
102,6,107,111,115,119,123,127;                                       131P    454
102,6,109,113,117,121,125,129;                                       133P    455
142,1,105,131,133,1;                                                 135P    456
144,105,1,0,135;                                                     137P    457
110,0.,20.,0.,0.,-980.,0.;                                           139P    458
110,0.,20.,-42.36,0.,0.,-42.36;                                      141P    459
120,139,141,0.,6.28318530717959;                                     143P    460
126,1,1,1,0,1,0,0.,0.,1.,1.,1.,1.,0.,6.283185307,0.,0.4375,          145P    461
6.283185307,0.,0.,1.,0.,0.,1.;                                       145P    462
110,0.,20.,-42.36,0.,11.25,-42.36;                                   147P    463
126,16,2,1,0,1,0,0.,0.,0.,0.125,0.125,0.25,0.25,0.375,0.375,         149P    464
0.5,0.5,0.625,0.625,0.75,0.75,0.875,0.875,1.,1.,1.,1.,1.,1.,1.,      149P    465
1.,1.,1.,1.,1.,1.,1.,1.,1.,1.,1.,1.,1.,0.4375,6.283185307,0.,        149P    466
0.4375,6.28028028,0.,0.438699826,6.277430959,0.,0.439903006,         149P    467
6.274573671,0.,0.442266311,6.271882467,0.,0.444617199,               149P    468
6.269205403,0.,0.448026113,6.26679524,0.,0.451454848,                149P    469
6.264371064,0.,0.455821606,6.26231035,0.,0.460166241,                149P    470
6.260260076,0.,0.465272697,6.258648346,0.,0.470397382,               149P    471
6.257030863,0.,0.476092046,6.255917286,0.,0.481785851,               149P    472
6.254803877,0.,0.487830141,6.254237115,0.,0.493856323,               149P    473
6.253672052,0.,0.5,6.253672052,0.,0.,1.,0.,0.,1.;                    149P    474
126,15,3,1,0,1,0,0.,0.,0.,0.,0.000419612519930165,                   151P    475
0.000419612519930165,0.000419612519930165,0.000839217261781169,      151P    476
0.000839217261781169,0.000839217261781169,0.0012589386563106,        151P    477
0.0012589386563106,0.0012589386563106,0.00167873971312503,           151P    478
0.00167873971312503,0.00167873971312503,0.00195458489515849,         151P    479
0.00195458489515849,0.00195458489515849,0.00195458489515849,1.,      151P    480
1.,1.,1.,1.,1.,1.,1.,1.,1.,1.,1.,1.,1.,1.,1.,0.,11.25,-42.36,        151P    481
-0.13987084,11.25,-42.36,-0.28167044,11.225856416,                   151P    482
-42.359269155,-0.41365499,11.179571765,-42.357980235,                151P    483
-0.545638151,11.133287601,-42.356691328,-0.671446368,                151P    484
11.063587872,-42.354819019,-0.780672267,10.976243213,                151P    485
-42.352805702,-0.889928035,10.88887467,-42.350791834,                151P    486
-0.98560591,10.781442055,-42.348597231,-1.059787863,                 151P    487
10.662834584,-42.346740721,-1.133983051,10.544205953,                151P    488
-42.34488388,-1.188720754,10.411124447,-42.34332874,                 151P    489
-1.219462006,10.274613212,-42.342443392,-1.239695644,                151P    490
10.184762644,-42.341860664,-1.25,10.092102466,-42.341552877,         151P    491
-1.25,10.,-42.341552877,0.,0.00195458489515849,0.,-0.028337552,      151P    492
-0.999598411;                                                        151P    493
126,16,2,1,0,1,0,0.,0.,0.,0.125,0.125,0.25,0.25,0.375,0.375,         153P    494
0.5,0.5,0.625,0.625,0.75,0.75,0.875,0.875,1.,1.,1.,1.,1.,1.,1.,      153P    495
1.,1.,1.,1.,1.,1.,1.,1.,1.,1.,1.,1.,1.,0.5,6.253672052,0.,           153P    496
0.506170808,6.253672052,0.,0.512222567,6.254242069,0.,               153P    497
0.5182388,6.254808739,0.,0.523907175,6.255917133,0.,                 153P    498
0.529605906,6.257031463,0.,0.534733794,6.258650395,0.,               153P    499
0.539844397,6.26026387,0.,0.544191621,6.262316594,0.,                153P    500
0.548541666,6.264370649,0.,0.551960299,6.266785638,0.,               153P    501
0.555386927,6.269206273,0.,0.55774577,6.271896235,0.,                153P    502
0.560093013,6.274572967,0.,0.561293007,6.277413964,0.,0.5625,        153P    503
6.280271532,0.,0.5625,6.283185307,0.,0.,1.,0.,0.,1.;                 153P    504
126,18,3,1,0,1,0,0.00195458489515849,0.00195458489515849,            155P    505
0.00195458489515849,0.00195458489515849,0.00209841495175434,         155P    506
0.00209841495175434,0.00209841495175434,0.00251795527575503,         155P    507
0.00251795527575503,0.00251795527575503,0.00293756217624019,         155P    508
0.00293756217624019,0.00293756217624019,0.00335733319159509,         155P    509
0.00335733319159509,0.00335733319159509,0.00377710976179198,         155P    510
0.00377710976179198,0.00377710976179198,0.00390828329468653,         155P    511
0.00390828329468653,0.00390828329468653,0.00390828329468653,1.,      155P    512
1.,1.,1.,1.,1.,1.,1.,1.,1.,1.,1.,1.,1.,1.,1.,1.,1.,1.,-1.25,         155P    513
10.,-42.341552877,-1.25,9.951761127,-42.341552877,-1.247198233,      155P    514
9.903441571,-42.341635864,-1.241622864,9.855526256,                  155P    515
-42.341799356,-1.225459493,9.716616509,-42.342273327,                155P    516
-1.185100687,9.578584387,-42.343463316,-1.123891096,                 155P    517
9.452853946,-42.345087895,-1.06267161,9.327103179,                   155P    518
-42.346712736,-0.978907763,9.210190496,-42.34880423,                 155P    519
-0.879530612,9.111784991,-42.350868066,-0.780115703,                 155P    520
9.013342098,-42.352932686,-0.662332893,8.930705293,                  155P    521
-42.355010273,-0.535930641,8.870717773,-42.356609618,                155P    522
-0.409527713,8.810729932,-42.358208972,-0.271016692,                 155P    523
8.771737583,-42.359361549,-0.13187396,8.756975761,                   155P    524
-42.359794726,-0.088100329,8.752331763,-42.359931002,                155P    525
-0.044019497,8.75,-42.36,0.,8.75,-42.36,0.00195458489515849,         155P    526
0.00390828329468653,-0.026739092,0.,-0.999642447;                    155P    527
126,1,1,1,0,1,0,0.,0.,1.,1.,1.,1.,0.5625,6.283185307,0.,1.,          157P    528
6.283185307,0.,0.,1.,0.,0.,1.;                                       157P    529
110,0.,8.75,-42.36,0.,0.,-42.36;                                     159P    530
126,1,1,1,0,1,0,0.,0.,1.,1.,1.,1.,1.,6.283185307,0.,1.,              161P    531
3.141592654,0.,0.,1.,0.,0.,1.;                                       161P    532
124,6.12323399573677E-17,-1.,0.,0.,6.12323399573677E-17,             163P    533
3.74939945665464E-33,1.,0.,-1.,-6.12323399573677E-17,                163P    534
6.12323399573677E-17,0.;                                             163P    535
100,0.,0.,0.,42.36,0.,-42.36,0.;                                     165P    536
126,1,1,1,0,1,0,0.,0.,1.,1.,1.,1.,1.,3.141592654,0.,0.5625,          167P    537
3.141592654,0.,0.,1.,0.,0.,1.;                                       167P    538
110,0.,0.,42.36,0.,8.75,42.36;                                       169P    539
126,16,2,1,0,1,0,0.,0.,0.,0.125,0.125,0.25,0.25,0.375,0.375,         171P    540
0.5,0.5,0.625,0.625,0.75,0.75,0.875,0.875,1.,1.,1.,1.,1.,1.,1.,      171P    541
1.,1.,1.,1.,1.,1.,1.,1.,1.,1.,1.,1.,1.,0.5625,3.141592654,0.,        171P    542
0.5625,3.144496799,0.,0.561300896,3.147345288,0.,0.560099681,        171P    543
3.150198792,0.,0.557741357,3.152886757,0.,0.555394108,               171P    544
3.1555621,0.,0.551990241,3.157971152,0.,0.548567097,                 171P    545
3.160393846,0.,0.544207224,3.162453997,0.,0.539871388,               171P    546
3.164502789,0.,0.534775083,3.166114519,0.,0.529656053,               171P    547
3.167733436,0.,0.523966567,3.168849197,0.,0.518284213,               171P    548
3.16996356,0.,0.512251133,3.170533198,0.,0.506185515,                171P    549
3.171105909,0.,0.5,3.171105909,0.,0.,1.,0.,0.,1.;                    171P    550
126,18,3,1,0,1,0,0.00586301471960789,0.00586301471960789,            173P    551
0.00586301471960789,0.00586301471960789,0.00587545803293703,         173P    552
0.00587545803293703,0.00587545803293703,0.00629502420537357,         173P    553
0.00629502420537357,0.00629502420537357,0.00671458817656197,         173P    554
0.00671458817656197,0.00671458817656197,0.00713431446530386,         173P    555
0.00713431446530386,0.00713431446530386,0.00755411446150097,         173P    556
0.00755411446150097,0.00755411446150097,0.00781568158380132,         173P    557
0.00781568158380132,0.00781568158380132,0.00781568158380132,1.,      173P    558
1.,1.,1.,1.,1.,1.,1.,1.,1.,1.,1.,1.,1.,1.,1.,1.,1.,1.,0.,8.75,       173P    559
42.36,-0.004203947,8.75,42.36,-0.008407947,8.750021208,              173P    560
42.359999374,-0.01261168,8.750063623,42.359998123,-0.152460406,      173P    561
8.751474677,42.359956486,-0.293993371,8.777042187,42.359183909,      173P    562
-0.425491606,8.824646056,42.357862988,-0.556990162,8.872250041,      173P    563
42.356542063,-0.682079773,8.943201604,42.354646826,                  173P    564
-0.790414721,9.031627877,42.352625002,-0.898790726,9.120087662,      173P    565
42.350602412,-0.993388385,9.228475068,42.348413317,                  173P    566
-1.066378677,9.347821713,42.346575263,-1.139380971,9.467187984,      173P    567
42.344736907,-1.192781977,9.600811501,42.34321356,-1.222153333,      173P    568
9.737623875,42.342365796,-1.240613845,9.823613318,42.341832959,      173P    569
-1.25,9.91204968,42.341552877,-1.25,10.,42.341552877,                173P    570
0.00586301471960789,0.00781568158380132,0.,0.,0.;                    173P    571
126,16,2,1,0,1,0,0.,0.,0.,0.125,0.125,0.25,0.25,0.375,0.375,         175P    572
0.5,0.5,0.625,0.625,0.75,0.75,0.875,0.875,1.,1.,1.,1.,1.,1.,1.,      175P    573
1.,1.,1.,1.,1.,1.,1.,1.,1.,1.,1.,1.,1.,0.5,3.171105909,0.,           175P    574
0.493847169,3.171105909,0.,0.487812357,3.170539177,0.,               175P    575
0.481760804,3.169970872,0.,0.476061095,3.168854618,0.,               175P    576
0.47039156,3.167744273,0.,0.465287393,3.166134252,0.,                175P    577
0.460153818,3.164514954,0.,0.455790052,3.162452709,0.,               175P    578
0.451448641,3.16040103,0.,0.448035932,3.15798966,0.,                 175P    579
0.444611219,3.155569809,0.,0.442253488,3.152880879,0.,               175P    580
0.439896206,3.150192464,0.,0.438696293,3.147338605,0.,0.4375,        175P    581
3.144493359,0.,0.4375,3.141592654,0.,0.,1.,0.,0.,1.;                 175P    582
126,15,3,1,0,1,0,0.,0.,0.,0.,0.000419612475086281,                   177P    583
0.000419612475086281,0.000419612475086281,0.000839217163354538,      177P    584
0.000839217163354538,0.000839217163354538,0.00125893861668087,       177P    585
0.00125893861668087,0.00125893861668087,0.00167873965126313,         177P    586
0.00167873965126313,0.00167873965126313,0.00195458489009389,         177P    587
0.00195458489009389,0.00195458489009389,0.00195458489009389,1.,      177P    588
1.,1.,1.,1.,1.,1.,1.,1.,1.,1.,1.,1.,1.,1.,1.,-1.25,10.,              177P    589
42.341552877,-1.25,10.139870825,42.341552877,-1.225856421,           177P    590
10.281670409,42.342284066,-1.179571781,10.413654944,                 177P    591
42.343573425,-1.13328763,10.545638086,42.34486277,-1.063587921,      177P    592
10.671446286,42.346735575,-0.976243285,10.780672178,                 177P    593
42.348749085,-0.888874741,10.889927966,42.350763146,                 177P    594
-0.781442116,10.985605865,42.352957623,-0.662834628,                 177P    595
11.059787835,42.354813779,-0.544206002,11.133983027,                 177P    596
42.356670266,-0.4111245,11.188720735,42.358224854,-0.274613271,      177P    597
11.219461993,42.359109853,-0.184762683,11.23969564,                  177P    598
42.359692353,-0.092102486,11.25,42.36,0.,11.25,42.36,0.,             177P    599
0.00195458489009389,-0.028348011,0.,0.999598114;                     177P    600
126,1,1,1,0,1,0,0.,0.,1.,1.,1.,1.,0.4375,3.141592654,0.,0.,          179P    601
3.141592654,0.,0.,1.,0.,0.,1.;                                       179P    602
110,0.,11.25,42.36,0.,20.,42.36;                                     181P    603
126,1,1,1,0,1,0,0.,0.,1.,1.,1.,1.,0.,3.141592654,0.,0.,              183P    604
6.283185307,0.,0.,1.,0.,0.,1.;                                       183P    605
124,6.12323399573677E-17,-1.,0.,20.,6.12323399573677E-17,            185P    606
3.74939945665464E-33,-1.,20.,1.,6.12323399573677E-17,                185P    607
6.12323399573677E-17,-1.22464679914735E-15;                          185P    608
100,0.,0.,20.,42.36,20.,-42.36,20.;                                  187P    609
102,10,145,149,153,157,161,167,171,175,179,183;                      189P    610
102,10,147,151,155,159,165,169,173,177,181,187;                      191P    611
142,1,143,189,191,1;                                                 193P    612
126,32,2,1,0,1,0,0.,0.,0.,0.0625,0.0625,0.125,0.125,0.1875,          195P    613
0.1875,0.25,0.25,0.3125,0.3125,0.375,0.375,0.4375,0.4375,0.5,        195P    614
0.5,0.5625,0.5625,0.625,0.625,0.6875,0.6875,0.75,0.75,0.8125,        195P    615
0.8125,0.875,0.875,0.9375,0.9375,1.,1.,1.,1.,1.,1.,1.,1.,1.,1.,      195P    616
1.,1.,1.,1.,1.,1.,1.,1.,1.,1.,1.,1.,1.,1.,1.,1.,1.,1.,1.,1.,1.,      195P    617
1.,1.,1.,1.,1.,0.5,4.682875725,0.,0.506138355,4.682875725,0.,        195P    618
0.512159518,4.683439819,0.,0.518204335,4.684006129,0.,               195P    619
0.523898818,4.685119173,0.,0.529588249,4.686231229,0.,               195P    620
0.534709087,4.687846272,0.,0.539816825,4.689457184,0.,               195P    621
0.544163039,4.69150678,0.,0.548528753,4.693565571,0.,                195P    622
0.551957847,4.695987579,0.,0.555367161,4.698395616,0.,               195P    623
0.55771995,4.701070509,0.,0.560086116,4.703760608,0.,                195P    624
0.561292762,4.706617058,0.,0.562494839,4.709462689,0.,               195P    625
0.562499978,4.712364303,0.,0.562505125,4.715270139,0.,               195P    626
0.561309685,4.718120696,0.,0.560112234,4.72097605,0.,                195P    627
0.557756275,4.723666066,0.,0.555411276,4.726343568,0.,               195P    628
0.552008183,4.728754773,0.,0.548585882,4.731179588,0.,               195P    629
0.544225504,4.733241682,0.,0.539889197,4.735292393,0.,               195P    630
0.534791294,4.736905717,0.,0.529670563,4.738526266,0.,               195P    631
0.523978484,4.739643186,0.,0.518293648,4.740758685,0.,               195P    632
0.512257541,4.74132892,0.,0.506188814,4.741902235,0.,0.5,            195P    633
4.741902235,0.,0.,1.,0.,0.,1.;                                       195P    634
126,30,3,1,0,1,0,0.00390828328878797,0.00390828328878797,            197P    635
0.00390828328878797,0.00390828328878797,0.00419672475732552,         197P    636
0.00419672475732552,0.00419672475732552,0.00461626304203214,         197P    637
0.00461626304203214,0.00461626304203214,0.00503592933840534,         197P    638
0.00503592933840534,0.00503592933840534,0.00545572850067532,         197P    639
0.00545572850067532,0.00545572850067532,0.00587545803293703,         197P    640
0.00587545803293703,0.00587545803293703,0.00629502420537357,         197P    641
0.00629502420537357,0.00629502420537357,0.00671458817656197,         197P    642
0.00671458817656197,0.00671458817656197,0.00713431446530387,         197P    643
0.00713431446530387,0.00713431446530387,0.00755411446150097,         197P    644
0.00755411446150097,0.00755411446150097,0.00781568158380132,         197P    645
0.00781568158380132,0.00781568158380132,0.00781568158380132,1.,      197P    646
1.,1.,1.,1.,1.,1.,1.,1.,1.,1.,1.,1.,1.,1.,1.,1.,1.,1.,1.,1.,1.,      197P    647
1.,1.,1.,1.,1.,1.,1.,1.,1.,-42.341552877,10.,1.25,                   197P    648
-42.341552877,9.903718435,1.25,-42.341889957,9.80680031,             197P    649
1.238726611,-42.34252492,9.71309128,1.216627875,-42.343447194,       197P    650
9.576980356,1.184529802,-42.345032304,9.4445378,1.128501465,         197P    651
-42.3469055,9.326720365,1.053183049,-42.348779263,9.208867306,       197P    652
0.977841858,-42.350978139,9.102398098,0.881121988,                   197P    653
-42.352982418,9.016120088,0.771025498,-42.354987307,                 197P    654
8.929815839,0.660895526,-42.356836952,8.861334791,0.534341666,       197P    655
-42.358093944,8.816352001,0.401842526,-42.359350724,                 197P    656
8.771376796,0.269365725,-42.360039775,8.748652036,0.127289919,       197P    657
-42.359998123,8.750063623,-0.01261168,-42.359956486,                 197P    658
8.751474677,-0.152460406,-42.359183909,8.777042187,                  197P    659
-0.293993371,-42.357862988,8.824646056,-0.425491606,                 197P    660
-42.356542063,8.872250041,-0.556990162,-42.354646826,                197P    661
8.943201604,-0.682079773,-42.352625002,9.031627877,                  197P    662
-0.790414721,-42.350602412,9.120087662,-0.898790726,                 197P    663
-42.348413317,9.228475068,-0.993388385,-42.346575263,                197P    664
9.347821713,-1.066378677,-42.344736907,9.467187984,                  197P    665
-1.139380971,-42.34321356,9.600811501,-1.192781977,                  197P    666
-42.342365796,9.737623875,-1.222153333,-42.341832959,                197P    667
9.823613318,-1.240613845,-42.341552877,9.91204968,-1.25,             197P    668
-42.341552877,10.,-1.25,0.00390828328878797,                         197P    669
0.00781568158380132,-0.999590196,0.,0.028625871;                     197P    670
126,32,2,1,0,1,0,0.,0.,0.,0.0625,0.0625,0.125,0.125,0.1875,          199P    671
0.1875,0.25,0.25,0.3125,0.3125,0.375,0.375,0.4375,0.4375,0.5,        199P    672
0.5,0.5625,0.5625,0.625,0.625,0.6875,0.6875,0.75,0.75,0.8125,        199P    673
0.8125,0.875,0.875,0.9375,0.9375,1.,1.,1.,1.,1.,1.,1.,1.,1.,1.,      199P    674
1.,1.,1.,1.,1.,1.,1.,1.,1.,1.,1.,1.,1.,1.,1.,1.,1.,1.,1.,1.,1.,      199P    675
1.,1.,1.,1.,1.,0.5,4.741902235,0.,0.493848568,4.741902235,0.,        199P    676
0.487815075,4.741335759,0.,0.481764857,4.740767711,0.,               199P    677
0.476066245,4.739651953,0.,0.470397789,4.7385421,0.,                 199P    678
0.465294328,4.736932766,0.,0.460161454,4.735314156,0.,               199P    679
0.455797898,4.733252743,0.,0.451456745,4.731201914,0.,               199P    680
0.448043703,4.728791476,0.,0.444618584,4.72637251,0.,                199P    681
0.442259847,4.723684457,0.,0.439901626,4.720996991,0.,               199P    682
0.438700111,4.718144005,0.,0.437502185,4.715299544,0.,               199P    683
0.437500004,4.712399459,0.,0.437497812,4.709485293,0.,               199P    684
0.438702976,4.706627156,0.,0.439901094,4.703785727,0.,               199P    685
0.442246772,4.701108417,0.,0.444605125,4.698416639,0.,               199P    686
0.448032571,4.695994349,0.,0.451448579,4.693580143,0.,               199P    687
0.455795335,4.691526428,0.,0.460145259,4.689471217,0.,               199P    688
0.465260148,4.687855981,0.,0.470387185,4.686236909,0.,               199P    689
0.476085099,4.685122318,0.,0.481755255,4.684013156,0.,               199P    690
0.487773637,4.6834461,0.,0.493827238,4.682875725,0.,0.5,             199P    691
4.682875725,0.,0.,1.,0.,0.,1.;                                       199P    692
126,30,3,1,0,1,0,0.,0.,0.,0.,0.000419612475086281,                   201P    693
0.000419612475086281,0.000419612475086281,0.000839217163354538,      201P    694
0.000839217163354538,0.000839217163354538,0.00125893861668087,       201P    695
0.00125893861668087,0.00125893861668087,0.00167873965126313,         201P    696
0.00167873965126313,0.00167873965126313,0.00209841486004879,         201P    697
0.00209841486004879,0.00209841486004879,0.00251795532556387,         201P    698
0.00251795532556387,0.00251795532556387,0.0029375622670369,          201P    699
0.0029375622670369,0.0029375622670369,0.00335733322177623,           201P    700
0.00335733322177623,0.00335733322177623,0.00377710985051302,         201P    701
0.00377710985051302,0.00377710985051302,0.00390828328878797,         201P    702
0.00390828328878797,0.00390828328878797,0.00390828328878797,1.,      201P    703
1.,1.,1.,1.,1.,1.,1.,1.,1.,1.,1.,1.,1.,1.,1.,1.,1.,1.,1.,1.,1.,      201P    704
1.,1.,1.,1.,1.,1.,1.,1.,1.,-42.341552877,10.,-1.25,                  201P    705
-42.341552877,10.139870825,-1.25,-42.342284066,10.281670409,         201P    706
-1.225856421,-42.343573425,10.413654944,-1.179571781,                201P    707
-42.34486277,10.545638086,-1.13328763,-42.346735575,                 201P    708
10.671446286,-1.063587921,-42.348749085,10.780672178,                201P    709
-0.976243285,-42.350763146,10.889927966,-0.888874741,                201P    710
-42.352957623,10.985605865,-0.781442116,-42.354813779,               201P    711
11.059787835,-0.662834628,-42.356670266,11.133983027,                201P    712
-0.544206002,-42.358224854,11.188720735,-0.4111245,                  201P    713
-42.359109853,11.219461993,-0.274613271,-42.35999459,                201P    714
11.250194113,-0.138142615,-42.360227544,11.257791231,                201P    715
0.005520985,-42.359753627,11.241622874,0.144473659,                  201P    716
-42.359279857,11.225459507,0.283383453,-42.358090368,                201P    717
11.185100688,0.421415628,-42.356466226,11.123891068,                 201P    718
0.547146111,-42.354841821,11.062671567,0.672896891,                  201P    719
-42.352750663,10.9789077,0.789809585,-42.350686818,10.87953053,      201P    720
0.88821509,-42.348622189,10.780115627,0.986657961,                   201P    721
-42.346544249,10.662332832,1.069294742,-42.344944463,                201P    722
10.535930599,1.129282247,-42.343344669,10.409527657,                 201P    723
1.189270088,-42.3421916,10.271016617,1.228262435,-42.341758238,      201P    724
10.131873865,1.243024249,-42.341621905,10.088100266,1.24766824,      201P    725
-42.341552877,10.044019465,1.25,-42.341552877,10.,1.25,0.,           201P    726
0.00390828328878797,-0.999598114,0.,-0.028348011;                    201P    727
102,2,195,199;                                                       203P    728
102,2,197,201;                                                       205P    729
142,1,143,203,205,1;                                                 207P    730
144,143,1,1,193,207;                                                 209P    731
110,0.,20.,0.,0.,-980.,0.;                                           211P    732
110,0.,20.,-62.36,0.,0.,-62.36;                                      213P    733
120,211,213,0.,6.28318530717959;                                     215P    734
126,1,1,1,0,1,0,0.,0.,1.,1.,1.,1.,0.,0.,0.,0.,3.141592654,0.,        217P    735
0.,1.,0.,0.,1.;                                                      217P    736
124,1.40271576953299E-14,1.,0.,-20.,-6.12323399573677E-17,           219P    737
8.58915688636046E-31,-1.,20.,-1.,1.40271576953299E-14,               219P    738
6.12323399573677E-17,-2.80543153906598E-13;                          219P    739
100,0.,0.,20.,62.36,20.,-62.36,20.;                                  221P    740
126,1,1,1,0,1,0,0.,0.,1.,1.,1.,1.,0.,3.141592654,0.,0.4375,          223P    741
3.141592654,0.,0.,1.,0.,0.,1.;                                       223P    742
110,0.,20.,62.36,0.,11.25,62.36;                                     225P    743
126,16,2,1,0,1,0,0.,0.,0.,0.125,0.125,0.25,0.25,0.375,0.375,         227P    744
0.5,0.5,0.625,0.625,0.75,0.75,0.875,0.875,1.,1.,1.,1.,1.,1.,1.,      227P    745
1.,1.,1.,1.,1.,1.,1.,1.,1.,1.,1.,1.,1.,0.4375,3.141592654,0.,        227P    746
0.4375,3.139620575,0.,0.438698311,3.137686287,0.,0.439901155,        227P    747
3.135744681,0.,0.44226494,3.133915991,0.,0.444615451,                227P    748
3.132097571,0.,0.44802397,3.130460481,0.,0.451452277,                227P    749
3.128813887,0.,0.455818644,3.127414184,0.,0.460165444,               227P    750
3.126020753,0.,0.46527505,3.124925544,0.,0.470397523,                227P    751
3.123827577,0.,0.476089611,3.123071548,0.,0.481786549,               227P    752
3.122314875,0.,0.487834494,3.121929882,0.,0.493858536,               227P    753
3.12154641,0.,0.5,3.12154641,0.,0.,1.,0.,0.,1.;                      227P    754
126,15,3,1,0,1,0,0.00196970911187057,0.00196970911187057,            229P    755
0.00196970911187057,0.00196970911187057,0.00238009287434212,         229P    756
0.00238009287434212,0.00238009287434212,0.00280352283923913,         229P    757
0.00280352283923913,0.00280352283923913,0.0032268910228501,          229P    758
0.0032268910228501,0.0032268910228501,0.00365019956991137,           229P    759
0.00365019956991137,0.00365019956991137,0.00394150912596138,         229P    760
0.00394150912596138,0.00394150912596138,0.00394150912596138,1.,      229P    761
1.,1.,1.,1.,1.,1.,1.,1.,1.,1.,1.,1.,1.,1.,1.,0.,11.25,62.36,         229P    762
0.135608187,11.25,62.36,0.272976099,11.227343858,62.359534775,       229P    763
0.401399893,11.183798178,62.358708118,0.533904665,11.138868728,      229P    764
62.357855191,0.660476773,11.07044172,62.356599548,0.770635355,       229P    765
10.984185526,62.355238121,0.880778498,10.897941421,                  229P    766
62.353876885,0.977550916,10.791494786,62.352383111,1.052942238,      229P    767
10.673656176,62.351109955,1.128323037,10.555834013,                  229P    768
62.349836977,1.184407022,10.423374019,62.348759519,1.216549647,      229P    769
10.287240241,62.348132345,1.238700025,10.193426664,                  229P    770
62.347700143,1.25,10.096394052,62.347470678,1.25,10.,                229P    771
62.347470678,0.00196970911187057,0.00394150912596138,0.,             229P    772
-0.019296184,0.999813811;                                            229P    773
126,16,2,1,0,1,0,0.,0.,0.,0.125,0.125,0.25,0.25,0.375,0.375,         231P    774
0.5,0.5,0.625,0.625,0.75,0.75,0.875,0.875,1.,1.,1.,1.,1.,1.,1.,      231P    775
1.,1.,1.,1.,1.,1.,1.,1.,1.,1.,1.,1.,1.,0.5,3.12154641,0.,            231P    776
0.506171235,3.12154641,0.,0.512223344,3.121933573,0.,                231P    777
0.518240457,3.122318497,0.,0.523909454,3.123071424,0.,               231P    778
0.529606408,3.123828065,0.,0.534732713,3.124927209,0.,               231P    779
0.539847126,3.126023802,0.,0.544196919,3.127419174,0.,               231P    780
0.548543546,3.128813531,0.,0.551959926,3.13045275,0.,                231P    781
0.555387728,3.132097449,0.,0.557747042,3.133925267,0.,               231P    782
0.560093613,3.135743213,0.,0.561293286,3.137672747,0.,0.5625,        231P    783
3.139613605,0.,0.5625,3.141592654,0.,0.,1.,0.,0.,1.;                 231P    784
126,18,3,1,0,1,0,0.00394150912596138,0.00394150912596138,            233P    785
0.00394150912596138,0.00394150912596138,0.00407354370661491,         233P    786
0.00407354370661491,0.00407354370661491,0.00449696312012813,         233P    787
0.00449696312012813,0.00449696312012813,0.00492037998168196,         233P    788
0.00492037998168196,0.00492037998168196,0.00534372048891718,         233P    789
0.00534372048891718,0.00534372048891718,0.00576702999534288,         233P    790
0.00576702999534288,0.00576702999534288,0.00591226259124289,         233P    791
0.00591226259124289,0.00591226259124289,0.00591226259124289,1.,      233P    792
1.,1.,1.,1.,1.,1.,1.,1.,1.,1.,1.,1.,1.,1.,1.,1.,1.,1.,1.25,10.,      233P    793
62.347470678,1.25,9.956075679,62.347470678,1.247678343,              233P    794
9.912090445,62.347517353,1.243054362,9.868410286,62.347609544,       233P    795
1.228325428,9.729274286,62.347903202,1.189369605,9.590763373,        233P    796
62.348685596,1.12941564,9.46435057,62.349771614,1.069461818,         233P    797
9.337938068,62.350857629,0.986856589,9.220135994,62.352268618,       233P    798
0.888440533,9.120697197,62.35367089,0.790041717,9.021275819,         233P    799
62.355072916,0.673124137,8.937469257,62.356493814,0.547364024,       233P    800
8.876215045,62.357597714,0.421613293,8.814965403,62.358701532,       233P    801
0.283553608,8.774576306,62.359510112,0.144614779,8.758393554,        233P    802
62.359832317,0.096653055,8.752807264,62.359943542,0.048286085,       233P    803
8.75,62.36,0.,8.75,62.36,0.00394150912596138,                        233P    804
0.00591226259124289,0.018230142,0.,0.999833817;                      233P    805
126,1,1,1,0,1,0,0.,0.,1.,1.,1.,1.,0.5625,3.141592654,0.,1.,          235P    806
3.141592654,0.,0.,1.,0.,0.,1.;                                       235P    807
110,0.,8.75,62.36,0.,0.,62.36;                                       237P    808
126,1,1,1,0,1,0,0.,0.,1.,1.,1.,1.,1.,3.141592654,0.,1.,0.,0.,        239P    809
0.,1.,0.,0.,1.;                                                      239P    810
124,1.40271576953299E-14,1.,0.,0.,-6.12323399573677E-17,             241P    811
8.58915688636046E-31,1.,0.,1.,-1.40271576953299E-14,                 241P    812
6.12323399573677E-17,0.;                                             241P    813
100,0.,0.,0.,62.36,0.,-62.36,0.;                                     243P    814
126,1,1,1,0,1,0,0.,0.,1.,1.,1.,1.,1.,0.,0.,0.5625,0.,0.,0.,1.,       245P    815
0.,0.,1.;                                                            245P    816
110,0.,0.,-62.36,0.,8.75,-62.36;                                     247P    817
126,16,2,1,0,1,0,0.,0.,0.,0.125,0.125,0.25,0.25,0.375,0.375,         249P    818
0.5,0.5,0.625,0.625,0.75,0.75,0.875,0.875,1.,1.,1.,1.,1.,1.,1.,      249P    819
1.,1.,1.,1.,1.,1.,1.,1.,1.,1.,1.,1.,1.,0.5625,0.,0.,0.5625,          249P    820
0.001970361,0.,0.561303756,0.00390303,0.,0.560103878,                249P    821
0.005841567,0.,0.557746673,0.007667672,0.,0.555388933,               249P    822
0.00949419,0.,0.551964174,0.011137865,0.,0.548551428,                249P    823
0.012775774,0.,0.544209908,0.014169311,0.,0.539846069,               249P    824
0.015570012,0.,0.534712285,0.016669823,0.,0.529608129,               249P    825
0.017763287,0.,0.52393846,0.018517374,0.,0.518238873,                249P    826
0.019275441,0.,0.512187325,0.019661381,0.,0.506152694,               249P    827
0.020046243,0.,0.5,0.020046243,0.,0.,1.,0.,0.,1.;                    249P    828
126,15,3,1,0,1,0,0.0059122625912429,0.0059122625912429,              251P    829
0.0059122625912429,0.0059122625912429,0.00619040222737754,           251P    830
0.00619040222737754,0.00619040222737754,0.00661383304042174,         251P    831
0.00661383304042174,0.00661383304042174,0.00703722682982294,         251P    832
0.00703722682982294,0.00703722682982294,0.00746056626544133,         251P    833
0.00746056626544133,0.00746056626544133,0.00788390932570774,         251P    834
0.00788390932570774,0.00788390932570774,0.00788390932570774,1.,      251P    835
1.,1.,1.,1.,1.,1.,1.,1.,1.,1.,1.,1.,1.,1.,1.,0.,8.75,-62.36,         251P    836
0.092062712,8.75,-62.36,0.184682222,8.760295251,-62.359791206,       251P    837
0.274496906,8.780511809,-62.359395855,0.410997913,8.811237079,       251P    838
-62.358794998,0.544074386,8.865954851,-62.357739358,0.662705,        251P    839
8.940131101,-62.35647859,0.781325864,9.014301255,-62.355217924,      251P    840
0.888775654,9.109972092,-62.35372736,0.976159786,9.219223418,        251P    841
-62.352359314,1.063532885,9.328460947,-62.350991441,                 251P    842
1.133254836,9.454288102,-62.349719147,1.179552506,9.586290094,       251P    843
-62.34884326,1.2258504,9.718292729,-62.347967369,1.25,               251P    844
9.860110909,-62.347470678,1.25,10.,-62.347470678,                    251P    845
0.0059122625912429,0.00788390932570774,0.,0.019492175,               251P    846
-0.99981001;                                                         251P    847
126,16,2,1,0,1,0,0.,0.,0.,0.125,0.125,0.25,0.25,0.375,0.375,         253P    848
0.5,0.5,0.625,0.625,0.75,0.75,0.875,0.875,1.,1.,1.,1.,1.,1.,1.,      253P    849
1.,1.,1.,1.,1.,1.,1.,1.,1.,1.,1.,1.,1.,0.5,0.020046243,0.,           253P    850
0.493814478,0.020046243,0.,0.487748906,0.019657303,0.,               253P    851
0.481716018,0.019270459,0.,0.476033953,0.018513703,0.,               253P    852
0.470344186,0.01775592,0.,0.465225051,0.016656381,0.,                253P    853
0.460128647,0.015561725,0.,0.455792819,0.014170187,0.,               253P    854
0.451432815,0.012770889,0.,0.448009624,0.011125279,0.,               253P    855
0.444605725,0.009488944,0.,0.442258476,0.007671659,0.,               253P    856
0.439900268,0.00584589,0.,0.438699091,0.003907626,0.,0.4375,         253P    857
0.001972727,0.,0.4375,0.,0.,0.,1.,0.,0.,1.;                          253P    858
126,18,3,1,0,1,0,0.,0.,0.,0.,0.000263227008822229,                   255P    859
0.000263227008822229,0.000263227008822229,0.000686657311563375,      255P    860
0.000686657311563375,0.000686657311563375,0.00111005345789708,       255P    861
0.00111005345789708,0.00111005345789708,0.00153337398276034,         255P    862
0.00153337398276034,0.00153337398276034,0.00195669541134607,         255P    863
0.00195669541134607,0.00195669541134607,0.00196970911187056,         255P    864
0.00196970911187056,0.00196970911187056,0.00196970911187056,1.,      255P    865
1.,1.,1.,1.,1.,1.,1.,1.,1.,1.,1.,1.,1.,1.,1.,1.,1.,1.,1.25,10.,      255P    866
-62.347470678,1.25,10.087742336,-62.347470678,1.240658761,           255P    867
10.175967119,-62.347659969,1.222284738,10.261763291,                 255P    868
-62.348020177,1.192984794,10.398577256,-62.34859458,                 255P    869
1.139657925,10.532217187,-62.349627913,1.066723015,                  255P    870
10.651614924,-62.350875712,0.993793612,10.771003645,                 255P    871
-62.352123416,0.899247941,10.879445947,-62.353610091,                255P    872
0.790913234,10.967965008,-62.354984213,0.682597481,                  255P    873
11.056468582,-62.356358095,0.557510614,11.127496421,                 255P    874
-62.357646495,0.426005124,11.175167917,-62.358544881,                255P    875
0.294499819,11.222839346,-62.359443265,0.152949324,11.24846847,      255P    876
-62.359969302,0.013074824,11.249931618,-62.359998629,                255P    877
0.008716728,11.249977205,-62.359999543,0.004358334,11.25,            255P    878
-62.36,0.,11.25,-62.36,0.,0.00196970911187056,0.018575413,0.,        255P    879
-0.999827462;                                                        255P    880
126,1,1,1,0,1,0,0.,0.,1.,1.,1.,1.,0.4375,0.,0.,0.,0.,0.,0.,1.,       257P    881
0.,0.,1.;                                                            257P    882
110,0.,11.25,-62.36,0.,20.,-62.36;                                   259P    883
102,10,217,223,227,231,235,239,245,249,253,257;                      261P    884
102,10,221,225,229,233,237,243,247,251,255,259;                      263P    885
142,1,215,261,263,1;                                                 265P    886
126,32,2,1,0,1,0,0.,0.,0.,0.0625,0.0625,0.125,0.125,0.1875,          267P    887
0.1875,0.25,0.25,0.3125,0.3125,0.375,0.375,0.4375,0.4375,0.5,        267P    888
0.5,0.5625,0.5625,0.625,0.625,0.6875,0.6875,0.75,0.75,0.8125,        267P    889
0.8125,0.875,0.875,0.9375,0.9375,1.,1.,1.,1.,1.,1.,1.,1.,1.,1.,      267P    890
1.,1.,1.,1.,1.,1.,1.,1.,1.,1.,1.,1.,1.,1.,1.,1.,1.,1.,1.,1.,1.,      267P    891
1.,1.,1.,1.,1.,0.5,1.59084257,0.,0.493811165,1.59084257,0.,          267P    892
0.487742472,1.590453217,0.,0.481706545,1.590065967,0.,               267P    893
0.476021988,1.589308435,0.,0.470329618,1.588549862,0.,               267P    894
0.465208776,1.587449211,0.,0.460110766,1.586353467,0.,               267P    895
0.455774465,1.58496062,0.,0.451413956,1.583559997,0.,                267P    896
0.44799161,1.581912942,0.,0.444588488,1.580275138,0.,                267P    897
0.442243498,1.57845638,0.,0.439887665,1.576629212,0.,                267P    898
0.438690267,1.574689687,0.,0.437494855,1.572753378,0.,               267P    899
0.437500022,1.570779498,0.,0.437505181,1.568808569,0.,               267P    900
0.438707169,1.566875688,0.,0.439913786,1.564935364,0.,               267P    901
0.442279913,1.563108091,0.,0.444632701,1.56129112,0.,                267P    902
0.448042041,1.55965548,0.,0.45147117,1.558010345,0.,                 267P    903
0.455836993,1.556611977,0.,0.46018335,1.555219845,0.,                267P    904
0.465291388,1.554125717,0.,0.470412127,1.553028868,0.,               267P    905
0.476101581,1.552273632,0.,0.481796013,1.551517735,0.,               267P    906
0.487840904,1.551133147,0.,0.493861835,1.550750084,0.,0.5,           267P    907
1.550750084,0.,0.,1.,0.,0.,1.;                                       267P    908
126,30,3,1,0,1,0,0.,0.,0.,0.,0.000263227008822229,                   269P    909
0.000263227008822229,0.000263227008822229,0.000686657311563373,      269P    910
0.000686657311563373,0.000686657311563373,0.00111005345789708,       269P    911
0.00111005345789708,0.00111005345789708,0.00153337398276034,         269P    912
0.00153337398276034,0.00153337398276034,0.00195669541134607,         269P    913
0.00195669541134607,0.00195669541134607,0.00238009287434212,         269P    914
0.00238009287434212,0.00238009287434212,0.00280352283923913,         269P    915
0.00280352283923913,0.00280352283923913,0.0032268910228501,          269P    916
0.0032268910228501,0.0032268910228501,0.00365019956991137,           269P    917
0.00365019956991137,0.00365019956991137,0.00394150912596138,         269P    918
0.00394150912596138,0.00394150912596138,0.00394150912596138,1.,      269P    919
1.,1.,1.,1.,1.,1.,1.,1.,1.,1.,1.,1.,1.,1.,1.,1.,1.,1.,1.,1.,1.,      269P    920
1.,1.,1.,1.,1.,1.,1.,1.,1.,62.347470678,10.,1.25,62.347470678,       269P    921
10.087742336,1.25,62.347659969,10.175967119,1.240658761,             269P    922
62.348020177,10.261763291,1.222284738,62.34859458,10.398577256,      269P    923
1.192984794,62.349627913,10.532217187,1.139657925,62.350875712,      269P    924
10.651614924,1.066723015,62.352123416,10.771003645,0.993793612,      269P    925
62.353610091,10.879445947,0.899247941,62.354984213,                  269P    926
10.967965008,0.790913234,62.356358095,11.056468582,0.682597481,      269P    927
62.357646495,11.127496421,0.557510614,62.358544881,                  269P    928
11.175167917,0.426005124,62.359443265,11.222839346,0.294499819,      269P    929
62.359969302,11.24846847,0.152949324,62.359998629,11.249931618,      269P    930
0.013074824,62.360027961,11.25139502,-0.126824071,62.359560978,      269P    931
11.228724123,-0.268905458,62.358708118,11.183798178,                 269P    932
-0.401399893,62.357855191,11.138868728,-0.533904665,                 269P    933
62.356599548,11.07044172,-0.660476773,62.355238121,                  269P    934
10.984185526,-0.770635355,62.353876885,10.897941421,                 269P    935
-0.880778498,62.352383111,10.791494786,-0.977550916,                 269P    936
62.351109955,10.673656176,-1.052942238,62.349836977,                 269P    937
10.555834013,-1.128323037,62.348759519,10.423374019,                 269P    938
-1.184407022,62.348132345,10.287240241,-1.216549647,                 269P    939
62.347700143,10.193426664,-1.238700025,62.347470678,                 269P    940
10.096394052,-1.25,62.347470678,10.,-1.25,0.,                        269P    941
0.00394150912596138,0.999827462,0.,0.018575413;                      269P    942
126,32,2,1,0,1,0,0.,0.,0.,0.0625,0.0625,0.125,0.125,0.1875,          271P    943
0.1875,0.25,0.25,0.3125,0.3125,0.375,0.375,0.4375,0.4375,0.5,        271P    944
0.5,0.5625,0.5625,0.625,0.625,0.6875,0.6875,0.75,0.75,0.8125,        271P    945
0.8125,0.875,0.875,0.9375,0.9375,1.,1.,1.,1.,1.,1.,1.,1.,1.,1.,      271P    946
1.,1.,1.,1.,1.,1.,1.,1.,1.,1.,1.,1.,1.,1.,1.,1.,1.,1.,1.,1.,1.,      271P    947
1.,1.,1.,1.,1.,0.5,1.550750084,0.,0.506172637,1.550750084,0.,        271P    948
0.512226066,1.55113742,0.,0.51824451,1.551522518,0.,                 271P    949
0.523914603,1.552275781,0.,0.52961262,1.553032754,0.,                271P    950
0.534739616,1.554132362,0.,0.539854798,1.555229436,0.,               271P    951
0.54420485,1.556625392,0.,0.548551633,1.5580203,0.,0.551967618,      271P    952
1.559660115,0.,0.555395085,1.561305442,0.,0.557753427,               271P    953
1.56313389,0.,0.560099014,1.564952447,0.,0.561297086,                271P    954
1.566882537,0.,0.562502185,1.568823947,0.,0.562499996,               271P    955
1.570803437,0.,0.562497817,1.572773377,0.,0.561299942,               271P    956
1.574705513,0.,0.560098464,1.576643459,0.,0.55774032,                271P    957
1.578468919,0.,0.555381577,1.580294842,0.,0.551956411,               271P    958
1.581937917,0.,0.548543333,1.583575193,0.,0.54420207,                271P    959
1.584968153,0.,0.539838441,1.58636829,0.,0.534705358,                271P    960
1.587467634,0.,0.529601906,1.588560631,0.,0.523933315,               271P    961
1.589314385,0.,0.518234824,1.590072115,0.,0.512184609,               271P    962
1.590457881,0.,0.506151296,1.59084257,0.,0.5,1.59084257,0.,0.,       271P    963
1.,0.,0.,1.;                                                         271P    964
126,30,3,1,0,1,0,0.00394150912596138,0.00394150912596138,            273P    965
0.00394150912596138,0.00394150912596138,0.00407354370661491,         273P    966
0.00407354370661491,0.00407354370661491,0.00449696312012813,         273P    967
0.00449696312012813,0.00449696312012813,0.00492037998168195,         273P    968
0.00492037998168195,0.00492037998168195,0.00534372048891718,         273P    969
0.00534372048891718,0.00534372048891718,0.00576702999534288,         273P    970
0.00576702999534288,0.00576702999534288,0.00619040222737754,         273P    971
0.00619040222737754,0.00619040222737754,0.00661383304042173,         273P    972
0.00661383304042173,0.00661383304042173,0.00703722682982294,         273P    973
0.00703722682982294,0.00703722682982294,0.00746056626544132,         273P    974
0.00746056626544132,0.00746056626544132,0.00788390932570773,         273P    975
0.00788390932570773,0.00788390932570773,0.00788390932570773,1.,      273P    976
1.,1.,1.,1.,1.,1.,1.,1.,1.,1.,1.,1.,1.,1.,1.,1.,1.,1.,1.,1.,1.,      273P    977
1.,1.,1.,1.,1.,1.,1.,1.,1.,62.347470678,10.,-1.25,62.347470678,      273P    978
9.956075679,-1.25,62.347517353,9.912090445,-1.247678343,             273P    979
62.347609544,9.868410286,-1.243054362,62.347903202,9.729274286,      273P    980
-1.228325428,62.348685596,9.590763373,-1.189369605,                  273P    981
62.349771614,9.46435057,-1.12941564,62.350857629,9.337938068,        273P    982
-1.069461818,62.352268618,9.220135994,-0.986856589,62.35367089,      273P    983
9.120697197,-0.888440533,62.355072916,9.021275819,-0.790041717,      273P    984
62.356493814,8.937469257,-0.673124137,62.357597714,8.876215045,      273P    985
-0.547364024,62.358701532,8.814965403,-0.421613293,                  273P    986
62.359510112,8.774576306,-0.283553608,62.359832317,8.758393554,      273P    987
-0.144614779,62.360154567,8.742208499,-0.005656163,62.35999663,      273P    988
8.749790754,0.138014626,62.359395855,8.780511809,0.274496906,        273P    989
62.358794998,8.811237079,0.410997913,62.357739358,8.865954851,       273P    990
0.544074386,62.35647859,8.940131101,0.662705,62.355217924,           273P    991
9.014301255,0.781325864,62.35372736,9.109972092,0.888775654,         273P    992
62.352359314,9.219223418,0.976159786,62.350991441,9.328460947,       273P    993
1.063532885,62.349719147,9.454288102,1.133254836,62.34884326,        273P    994
9.586290094,1.179552506,62.347967369,9.718292729,1.2258504,          273P    995
62.347470678,9.860110909,1.25,62.347470678,10.,1.25,                 273P    996
0.00394150912596138,0.00788390932570773,0.999833817,0.,              273P    997
-0.018230142;                                                        273P    998
102,2,267,271;                                                       275P    999
102,2,269,273;                                                       277P   1000
142,1,215,275,277,1;                                                 279P   1001
144,215,1,1,265,279;                                                 281P   1002
128,1,1,1,1,0,0,1,0,0,0.,0.,1.,1.,0.,0.,1.,1.,1.,1.,1.,1.,           283P   1003
-63.10832,20.,-63.10832,-63.10832,20.,63.10832,63.10832,20.,         283P   1004
-63.10832,63.10832,20.,63.10832,0.,1.,0.,1.;                         283P   1005
126,64,2,1,0,1,0,0.,0.,0.,0.03125,0.03125,0.0625,0.0625,             285P   1006
0.09375,0.09375,0.125,0.125,0.15625,0.15625,0.1875,0.1875,           285P   1007
0.21875,0.21875,0.25,0.25,0.28125,0.28125,0.3125,0.3125,             285P   1008
0.34375,0.34375,0.375,0.375,0.40625,0.40625,0.4375,0.4375,           285P   1009
0.46875,0.46875,0.5,0.5,0.53125,0.53125,0.5625,0.5625,0.59375,       285P   1010
0.59375,0.625,0.625,0.65625,0.65625,0.6875,0.6875,0.71875,           285P   1011
0.71875,0.75,0.75,0.78125,0.78125,0.8125,0.8125,0.84375,             285P   1012
0.84375,0.875,0.875,0.90625,0.90625,0.9375,0.9375,0.96875,           285P   1013
0.96875,1.,1.,1.,1.,1.,1.,1.,1.,1.,1.,1.,1.,1.,1.,1.,1.,1.,1.,       285P   1014
1.,1.,1.,1.,1.,1.,1.,1.,1.,1.,1.,1.,1.,1.,1.,1.,1.,1.,1.,1.,1.,      285P   1015
1.,1.,1.,1.,1.,1.,1.,1.,1.,1.,1.,1.,1.,1.,1.,1.,1.,1.,1.,1.,1.,      285P   1016
1.,1.,1.,1.,1.,1.,1.,1.,0.005928854,0.5,0.,0.005928854,              285P   1017
0.475727841,0.,0.008307941,0.451572559,0.,0.010687029,               285P   1018
0.427417277,0.,0.015422292,0.403611501,0.,0.020157556,               285P   1019
0.379805725,0.,0.027203391,0.356578717,0.,0.034249227,               285P   1020
0.333351709,0.,0.04353778,0.310927158,0.,0.052826333,                285P   1021
0.288502607,0.,0.06426815,0.267096474,0.,0.075709967,                285P   1022
0.245690341,0.,0.089194856,0.225508778,0.,0.102679745,               285P   1023
0.205327216,0.,0.118077839,0.186564583,0.,0.133475934,               285P   1024
0.16780195,0.,0.150638942,0.150638942,0.,0.16780195,                 285P   1025
0.133475934,0.,0.186564583,0.118077839,0.,0.205327216,               285P   1026
0.102679745,0.,0.225508778,0.089194856,0.,0.245690341,               285P   1027
0.075709967,0.,0.267096474,0.06426815,0.,0.288502607,                285P   1028
0.052826333,0.,0.310927158,0.04353778,0.,0.333351709,                285P   1029
0.034249227,0.,0.356578717,0.027203391,0.,0.379805725,               285P   1030
0.020157556,0.,0.403611501,0.015422292,0.,0.427417277,               285P   1031
0.010687029,0.,0.451572559,0.008307941,0.,0.475727841,               285P   1032
0.005928854,0.,0.5,0.005928854,0.,0.524272159,0.005928854,0.,        285P   1033
0.548427441,0.008307941,0.,0.572582723,0.010687029,0.,               285P   1034
0.596388499,0.015422292,0.,0.620194275,0.020157556,0.,               285P   1035
0.643421283,0.027203391,0.,0.666648291,0.034249227,0.,               285P   1036
0.689072842,0.04353778,0.,0.711497393,0.052826333,0.,                285P   1037
0.732903526,0.06426815,0.,0.754309659,0.075709967,0.,                285P   1038
0.774491222,0.089194856,0.,0.794672784,0.102679745,0.,               285P   1039
0.813435417,0.118077839,0.,0.83219805,0.133475934,0.,                285P   1040
0.849361058,0.150638942,0.,0.866524066,0.16780195,0.,                285P   1041
0.881922161,0.186564583,0.,0.897320255,0.205327216,0.,               285P   1042
0.910805144,0.225508778,0.,0.924290033,0.245690341,0.,               285P   1043
0.93573185,0.267096474,0.,0.947173667,0.288502607,0.,                285P   1044
0.95646222,0.310927158,0.,0.965750773,0.333351709,0.,                285P   1045
0.972796609,0.356578717,0.,0.979842444,0.379805725,0.,               285P   1046
0.984577708,0.403611501,0.,0.989312971,0.427417277,0.,               285P   1047
0.991692059,0.451572559,0.,0.994071146,0.475727841,0.,               285P   1048
0.994071146,0.5,0.,0.,1.,0.,0.,-1.;                                  285P   1049
124,6.12323399573677E-17,-1.,0.,20.,6.12323399573677E-17,            287P   1050
3.74939945665464E-33,1.,20.,-1.,-6.12323399573677E-17,               287P   1051
6.12323399573677E-17,1.22464679914735E-15;                           287P   1052
100,0.,0.,20.,62.36,20.,-62.36,20.;                                  289P   1053
126,64,2,1,0,1,0,0.,0.,0.,0.03125,0.03125,0.0625,0.0625,             291P   1054
0.09375,0.09375,0.125,0.125,0.15625,0.15625,0.1875,0.1875,           291P   1055
0.21875,0.21875,0.25,0.25,0.28125,0.28125,0.3125,0.3125,             291P   1056
0.34375,0.34375,0.375,0.375,0.40625,0.40625,0.4375,0.4375,           291P   1057
0.46875,0.46875,0.5,0.5,0.53125,0.53125,0.5625,0.5625,0.59375,       291P   1058
0.59375,0.625,0.625,0.65625,0.65625,0.6875,0.6875,0.71875,           291P   1059
0.71875,0.75,0.75,0.78125,0.78125,0.8125,0.8125,0.84375,             291P   1060
0.84375,0.875,0.875,0.90625,0.90625,0.9375,0.9375,0.96875,           291P   1061
0.96875,1.,1.,1.,1.,1.,1.,1.,1.,1.,1.,1.,1.,1.,1.,1.,1.,1.,1.,       291P   1062
1.,1.,1.,1.,1.,1.,1.,1.,1.,1.,1.,1.,1.,1.,1.,1.,1.,1.,1.,1.,1.,      291P   1063
1.,1.,1.,1.,1.,1.,1.,1.,1.,1.,1.,1.,1.,1.,1.,1.,1.,1.,1.,1.,1.,      291P   1064
1.,1.,1.,1.,1.,1.,1.,1.,0.994071146,0.5,0.,0.994071146,              291P   1065
0.524272159,0.,0.991692059,0.548427441,0.,0.989312971,               291P   1066
0.572582723,0.,0.984577708,0.596388499,0.,0.979842444,               291P   1067
0.620194275,0.,0.972796609,0.643421283,0.,0.965750773,               291P   1068
0.666648291,0.,0.95646222,0.689072842,0.,0.947173667,                291P   1069
0.711497393,0.,0.93573185,0.732903526,0.,0.924290033,                291P   1070
0.754309659,0.,0.910805144,0.774491222,0.,0.897320255,               291P   1071
0.794672784,0.,0.881922161,0.813435417,0.,0.866524066,               291P   1072
0.83219805,0.,0.849361058,0.849361058,0.,0.83219805,                 291P   1073
0.866524066,0.,0.813435417,0.881922161,0.,0.794672784,               291P   1074
0.897320255,0.,0.774491222,0.910805144,0.,0.754309659,               291P   1075
0.924290033,0.,0.732903526,0.93573185,0.,0.711497393,                291P   1076
0.947173667,0.,0.689072842,0.95646222,0.,0.666648291,                291P   1077
0.965750773,0.,0.643421283,0.972796609,0.,0.620194275,               291P   1078
0.979842444,0.,0.596388499,0.984577708,0.,0.572582723,               291P   1079
0.989312971,0.,0.548427441,0.991692059,0.,0.524272159,               291P   1080
0.994071146,0.,0.5,0.994071146,0.,0.475727841,0.994071146,0.,        291P   1081
0.451572559,0.991692059,0.,0.427417277,0.989312971,0.,               291P   1082
0.403611501,0.984577708,0.,0.379805725,0.979842444,0.,               291P   1083
0.356578717,0.972796609,0.,0.333351709,0.965750773,0.,               291P   1084
0.310927158,0.95646222,0.,0.288502607,0.947173667,0.,                291P   1085
0.267096474,0.93573185,0.,0.245690341,0.924290033,0.,                291P   1086
0.225508778,0.910805144,0.,0.205327216,0.897320255,0.,               291P   1087
0.186564583,0.881922161,0.,0.16780195,0.866524066,0.,                291P   1088
0.150638942,0.849361058,0.,0.133475934,0.83219805,0.,                291P   1089
0.118077839,0.813435417,0.,0.102679745,0.794672784,0.,               291P   1090
0.089194856,0.774491222,0.,0.075709967,0.754309659,0.,               291P   1091
0.06426815,0.732903526,0.,0.052826333,0.711497393,0.,                291P   1092
0.04353778,0.689072842,0.,0.034249227,0.666648291,0.,                291P   1093
0.027203391,0.643421283,0.,0.020157556,0.620194275,0.,               291P   1094
0.015422292,0.596388499,0.,0.010687029,0.572582723,0.,               291P   1095
0.008307941,0.548427441,0.,0.005928854,0.524272159,0.,               291P   1096
0.005928854,0.5,0.,0.,1.,0.,0.,-1.;                                  291P   1097
124,1.40271576953299E-14,1.,0.,-20.,-6.12323399573677E-17,           293P   1098
8.58915688636046E-31,1.,20.,1.,-1.40271576953299E-14,                293P   1099
6.12323399573677E-17,2.80543153906598E-13;                           293P   1100
100,0.,0.,20.,62.36,20.,-62.36,20.;                                  295P   1101
102,2,285,291;                                                       297P   1102
102,2,289,295;                                                       299P   1103
142,1,283,297,299,1;                                                 301P   1104
126,64,2,1,0,1,0,0.,0.,0.,0.03125,0.03125,0.0625,0.0625,             303P   1105
0.09375,0.09375,0.125,0.125,0.15625,0.15625,0.1875,0.1875,           303P   1106
0.21875,0.21875,0.25,0.25,0.28125,0.28125,0.3125,0.3125,             303P   1107
0.34375,0.34375,0.375,0.375,0.40625,0.40625,0.4375,0.4375,           303P   1108
0.46875,0.46875,0.5,0.5,0.53125,0.53125,0.5625,0.5625,0.59375,       303P   1109
0.59375,0.625,0.625,0.65625,0.65625,0.6875,0.6875,0.71875,           303P   1110
0.71875,0.75,0.75,0.78125,0.78125,0.8125,0.8125,0.84375,             303P   1111
0.84375,0.875,0.875,0.90625,0.90625,0.9375,0.9375,0.96875,           303P   1112
0.96875,1.,1.,1.,1.,1.,1.,1.,1.,1.,1.,1.,1.,1.,1.,1.,1.,1.,1.,       303P   1113
1.,1.,1.,1.,1.,1.,1.,1.,1.,1.,1.,1.,1.,1.,1.,1.,1.,1.,1.,1.,1.,      303P   1114
1.,1.,1.,1.,1.,1.,1.,1.,1.,1.,1.,1.,1.,1.,1.,1.,1.,1.,1.,1.,1.,      303P   1115
1.,1.,1.,1.,1.,1.,1.,1.,0.835613434,0.5,0.,0.835613434,              303P   1116
0.483512369,0.,0.833997364,0.467104131,0.,0.832381293,               303P   1117
0.450695893,0.,0.829164716,0.434525067,0.,0.825948139,               303P   1118
0.418354241,0.,0.821162032,0.402576563,0.,0.816375926,               303P   1119
0.386798884,0.,0.810066383,0.371566299,0.,0.80375684,                303P   1120
0.356333714,0.,0.795984624,0.341792922,0.,0.788212409,               303P   1121
0.32725213,0.,0.779052372,0.313543166,0.,0.769892335,                303P   1122
0.299834202,0.,0.759432693,0.287089091,0.,0.748973051,               303P   1123
0.27434398,0.,0.737314535,0.262685465,0.,0.72565602,                 303P   1124
0.251026949,0.,0.712910909,0.240567307,0.,0.700165798,               303P   1125
0.230107665,0.,0.686456834,0.220947628,0.,0.67274787,                303P   1126
0.211787591,0.,0.658207078,0.204015376,0.,0.643666286,               303P   1127
0.19624316,0.,0.628433701,0.189933617,0.,0.613201116,                303P   1128
0.183624074,0.,0.597423437,0.178837968,0.,0.581645759,               303P   1129
0.174051861,0.,0.565474933,0.170835284,0.,0.549304107,               303P   1130
0.167618707,0.,0.532895869,0.166002636,0.,0.516487631,               303P   1131
0.164386566,0.,0.5,0.164386566,0.,0.483512369,0.164386566,0.,        303P   1132
0.467104131,0.166002636,0.,0.450695893,0.167618707,0.,               303P   1133
0.434525067,0.170835284,0.,0.418354241,0.174051861,0.,               303P   1134
0.402576563,0.178837968,0.,0.386798884,0.183624074,0.,               303P   1135
0.371566299,0.189933617,0.,0.356333714,0.19624316,0.,                303P   1136
0.341792922,0.204015376,0.,0.32725213,0.211787591,0.,                303P   1137
0.313543166,0.220947628,0.,0.299834202,0.230107665,0.,               303P   1138
0.287089091,0.240567307,0.,0.27434398,0.251026949,0.,                303P   1139
0.262685465,0.262685465,0.,0.251026949,0.27434398,0.,                303P   1140
0.240567307,0.287089091,0.,0.230107665,0.299834202,0.,               303P   1141
0.220947628,0.313543166,0.,0.211787591,0.32725213,0.,                303P   1142
0.204015376,0.341792922,0.,0.19624316,0.356333714,0.,                303P   1143
0.189933617,0.371566299,0.,0.183624074,0.386798884,0.,               303P   1144
0.178837968,0.402576563,0.,0.174051861,0.418354241,0.,               303P   1145
0.170835284,0.434525067,0.,0.167618707,0.450695893,0.,               303P   1146
0.166002636,0.467104131,0.,0.164386566,0.483512369,0.,               303P   1147
0.164386566,0.5,0.,0.,1.,0.,0.,1.;                                   303P   1148
124,6.12323399573677E-17,-1.,0.,20.,6.12323399573677E-17,            305P   1149
3.74939945665464E-33,-1.,20.,1.,6.12323399573677E-17,                305P   1150
6.12323399573677E-17,-1.22464679914735E-15;                          305P   1151
100,0.,0.,20.,42.36,20.,-42.36,20.;                                  307P   1152
126,64,2,1,0,1,0,0.,0.,0.,0.03125,0.03125,0.0625,0.0625,             309P   1153
0.09375,0.09375,0.125,0.125,0.15625,0.15625,0.1875,0.1875,           309P   1154
0.21875,0.21875,0.25,0.25,0.28125,0.28125,0.3125,0.3125,             309P   1155
0.34375,0.34375,0.375,0.375,0.40625,0.40625,0.4375,0.4375,           309P   1156
0.46875,0.46875,0.5,0.5,0.53125,0.53125,0.5625,0.5625,0.59375,       309P   1157
0.59375,0.625,0.625,0.65625,0.65625,0.6875,0.6875,0.71875,           309P   1158
0.71875,0.75,0.75,0.78125,0.78125,0.8125,0.8125,0.84375,             309P   1159
0.84375,0.875,0.875,0.90625,0.90625,0.9375,0.9375,0.96875,           309P   1160
0.96875,1.,1.,1.,1.,1.,1.,1.,1.,1.,1.,1.,1.,1.,1.,1.,1.,1.,1.,       309P   1161
1.,1.,1.,1.,1.,1.,1.,1.,1.,1.,1.,1.,1.,1.,1.,1.,1.,1.,1.,1.,1.,      309P   1162
1.,1.,1.,1.,1.,1.,1.,1.,1.,1.,1.,1.,1.,1.,1.,1.,1.,1.,1.,1.,1.,      309P   1163
1.,1.,1.,1.,1.,1.,1.,1.,0.164386566,0.5,0.,0.164386566,              309P   1164
0.516487631,0.,0.166002636,0.532895869,0.,0.167618707,               309P   1165
0.549304107,0.,0.170835284,0.565474933,0.,0.174051861,               309P   1166
0.581645759,0.,0.178837968,0.597423437,0.,0.183624074,               309P   1167
0.613201116,0.,0.189933617,0.628433701,0.,0.19624316,                309P   1168
0.643666286,0.,0.204015376,0.658207078,0.,0.211787591,               309P   1169
0.67274787,0.,0.220947628,0.686456834,0.,0.230107665,                309P   1170
0.700165798,0.,0.240567307,0.712910909,0.,0.251026949,               309P   1171
0.72565602,0.,0.262685465,0.737314535,0.,0.27434398,                 309P   1172
0.748973051,0.,0.287089091,0.759432693,0.,0.299834202,               309P   1173
0.769892335,0.,0.313543166,0.779052372,0.,0.32725213,                309P   1174
0.788212409,0.,0.341792922,0.795984624,0.,0.356333714,               309P   1175
0.80375684,0.,0.371566299,0.810066383,0.,0.386798884,                309P   1176
0.816375926,0.,0.402576563,0.821162032,0.,0.418354241,               309P   1177
0.825948139,0.,0.434525067,0.829164716,0.,0.450695893,               309P   1178
0.832381293,0.,0.467104131,0.833997364,0.,0.483512369,               309P   1179
0.835613434,0.,0.5,0.835613434,0.,0.516487631,0.835613434,0.,        309P   1180
0.532895869,0.833997364,0.,0.549304107,0.832381293,0.,               309P   1181
0.565474933,0.829164716,0.,0.581645759,0.825948139,0.,               309P   1182
0.597423437,0.821162032,0.,0.613201116,0.816375926,0.,               309P   1183
0.628433701,0.810066383,0.,0.643666286,0.80375684,0.,                309P   1184
0.658207078,0.795984624,0.,0.67274787,0.788212409,0.,                309P   1185
0.686456834,0.779052372,0.,0.700165798,0.769892335,0.,               309P   1186
0.712910909,0.759432693,0.,0.72565602,0.748973051,0.,                309P   1187
0.737314535,0.737314535,0.,0.748973051,0.72565602,0.,                309P   1188
0.759432693,0.712910909,0.,0.769892335,0.700165798,0.,               309P   1189
0.779052372,0.686456834,0.,0.788212409,0.67274787,0.,                309P   1190
0.795984624,0.658207078,0.,0.80375684,0.643666286,0.,                309P   1191
0.810066383,0.628433701,0.,0.816375926,0.613201116,0.,               309P   1192
0.821162032,0.597423437,0.,0.825948139,0.581645759,0.,               309P   1193
0.829164716,0.565474933,0.,0.832381293,0.549304107,0.,               309P   1194
0.833997364,0.532895869,0.,0.835613434,0.516487631,0.,               309P   1195
0.835613434,0.5,0.,0.,1.,0.,0.,1.;                                   309P   1196
124,1.40271576953299E-14,1.,0.,-20.,-6.12323399573677E-17,           311P   1197
8.58915688636046E-31,-1.,20.,-1.,1.40271576953299E-14,               311P   1198
6.12323399573677E-17,-2.80543153906598E-13;                          311P   1199
100,0.,0.,20.,42.36,20.,-42.36,20.;                                  313P   1200
102,2,303,309;                                                       315P   1201
102,2,307,313;                                                       317P   1202
142,1,283,315,317,1;                                                 319P   1203
144,283,1,1,301,319;                                                 321P   1204
128,1,1,1,1,0,0,1,0,0,0.,0.,1.,1.,0.,0.,1.,1.,1.,1.,1.,1.,           323P   1205
-63.10832,0.,-63.10832,-63.10832,0.,63.10832,63.10832,0.,            323P   1206
-63.10832,63.10832,0.,63.10832,0.,1.,0.,1.;                          323P   1207
126,64,2,1,0,1,0,0.,0.,0.,0.03125,0.03125,0.0625,0.0625,             325P   1208
0.09375,0.09375,0.125,0.125,0.15625,0.15625,0.1875,0.1875,           325P   1209
0.21875,0.21875,0.25,0.25,0.28125,0.28125,0.3125,0.3125,             325P   1210
0.34375,0.34375,0.375,0.375,0.40625,0.40625,0.4375,0.4375,           325P   1211
0.46875,0.46875,0.5,0.5,0.53125,0.53125,0.5625,0.5625,0.59375,       325P   1212
0.59375,0.625,0.625,0.65625,0.65625,0.6875,0.6875,0.71875,           325P   1213
0.71875,0.75,0.75,0.78125,0.78125,0.8125,0.8125,0.84375,             325P   1214
0.84375,0.875,0.875,0.90625,0.90625,0.9375,0.9375,0.96875,           325P   1215
0.96875,1.,1.,1.,1.,1.,1.,1.,1.,1.,1.,1.,1.,1.,1.,1.,1.,1.,1.,       325P   1216
1.,1.,1.,1.,1.,1.,1.,1.,1.,1.,1.,1.,1.,1.,1.,1.,1.,1.,1.,1.,1.,      325P   1217
1.,1.,1.,1.,1.,1.,1.,1.,1.,1.,1.,1.,1.,1.,1.,1.,1.,1.,1.,1.,1.,      325P   1218
1.,1.,1.,1.,1.,1.,1.,1.,0.994071146,0.5,0.,0.994071146,              325P   1219
0.524272159,0.,0.991692059,0.548427441,0.,0.989312971,               325P   1220
0.572582723,0.,0.984577708,0.596388499,0.,0.979842444,               325P   1221
0.620194275,0.,0.972796609,0.643421283,0.,0.965750773,               325P   1222
0.666648291,0.,0.95646222,0.689072842,0.,0.947173667,                325P   1223
0.711497393,0.,0.93573185,0.732903526,0.,0.924290033,                325P   1224
0.754309659,0.,0.910805144,0.774491222,0.,0.897320255,               325P   1225
0.794672784,0.,0.881922161,0.813435417,0.,0.866524066,               325P   1226
0.83219805,0.,0.849361058,0.849361058,0.,0.83219805,                 325P   1227
0.866524066,0.,0.813435417,0.881922161,0.,0.794672784,               325P   1228
0.897320255,0.,0.774491222,0.910805144,0.,0.754309659,               325P   1229
0.924290033,0.,0.732903526,0.93573185,0.,0.711497393,                325P   1230
0.947173667,0.,0.689072842,0.95646222,0.,0.666648291,                325P   1231
0.965750773,0.,0.643421283,0.972796609,0.,0.620194275,               325P   1232
0.979842444,0.,0.596388499,0.984577708,0.,0.572582723,               325P   1233
0.989312971,0.,0.548427441,0.991692059,0.,0.524272159,               325P   1234
0.994071146,0.,0.5,0.994071146,0.,0.475727841,0.994071146,0.,        325P   1235
0.451572559,0.991692059,0.,0.427417277,0.989312971,0.,               325P   1236
0.403611501,0.984577708,0.,0.379805725,0.979842444,0.,               325P   1237
0.356578717,0.972796609,0.,0.333351709,0.965750773,0.,               325P   1238
0.310927158,0.95646222,0.,0.288502607,0.947173667,0.,                325P   1239
0.267096474,0.93573185,0.,0.245690341,0.924290033,0.,                325P   1240
0.225508778,0.910805144,0.,0.205327216,0.897320255,0.,               325P   1241
0.186564583,0.881922161,0.,0.16780195,0.866524066,0.,                325P   1242
0.150638942,0.849361058,0.,0.133475934,0.83219805,0.,                325P   1243
0.118077839,0.813435417,0.,0.102679745,0.794672784,0.,               325P   1244
0.089194856,0.774491222,0.,0.075709967,0.754309659,0.,               325P   1245
0.06426815,0.732903526,0.,0.052826333,0.711497393,0.,                325P   1246
0.04353778,0.689072842,0.,0.034249227,0.666648291,0.,                325P   1247
0.027203391,0.643421283,0.,0.020157556,0.620194275,0.,               325P   1248
0.015422292,0.596388499,0.,0.010687029,0.572582723,0.,               325P   1249
0.008307941,0.548427441,0.,0.005928854,0.524272159,0.,               325P   1250
0.005928854,0.5,0.,0.,1.,0.,0.,-1.;                                  325P   1251
124,1.40271576953299E-14,1.,0.,0.,-6.12323399573677E-17,             327P   1252
8.58915688636046E-31,1.,0.,1.,-1.40271576953299E-14,                 327P   1253
6.12323399573677E-17,0.;                                             327P   1254
100,0.,0.,0.,62.36,0.,-62.36,0.;                                     329P   1255
126,64,2,1,0,1,0,0.,0.,0.,0.03125,0.03125,0.0625,0.0625,             331P   1256
0.09375,0.09375,0.125,0.125,0.15625,0.15625,0.1875,0.1875,           331P   1257
0.21875,0.21875,0.25,0.25,0.28125,0.28125,0.3125,0.3125,             331P   1258
0.34375,0.34375,0.375,0.375,0.40625,0.40625,0.4375,0.4375,           331P   1259
0.46875,0.46875,0.5,0.5,0.53125,0.53125,0.5625,0.5625,0.59375,       331P   1260
0.59375,0.625,0.625,0.65625,0.65625,0.6875,0.6875,0.71875,           331P   1261
0.71875,0.75,0.75,0.78125,0.78125,0.8125,0.8125,0.84375,             331P   1262
0.84375,0.875,0.875,0.90625,0.90625,0.9375,0.9375,0.96875,           331P   1263
0.96875,1.,1.,1.,1.,1.,1.,1.,1.,1.,1.,1.,1.,1.,1.,1.,1.,1.,1.,       331P   1264
1.,1.,1.,1.,1.,1.,1.,1.,1.,1.,1.,1.,1.,1.,1.,1.,1.,1.,1.,1.,1.,      331P   1265
1.,1.,1.,1.,1.,1.,1.,1.,1.,1.,1.,1.,1.,1.,1.,1.,1.,1.,1.,1.,1.,      331P   1266
1.,1.,1.,1.,1.,1.,1.,1.,0.005928854,0.5,0.,0.005928854,              331P   1267
0.475727841,0.,0.008307941,0.451572559,0.,0.010687029,               331P   1268
0.427417277,0.,0.015422292,0.403611501,0.,0.020157556,               331P   1269
0.379805725,0.,0.027203391,0.356578717,0.,0.034249227,               331P   1270
0.333351709,0.,0.04353778,0.310927158,0.,0.052826333,                331P   1271
0.288502607,0.,0.06426815,0.267096474,0.,0.075709967,                331P   1272
0.245690341,0.,0.089194856,0.225508778,0.,0.102679745,               331P   1273
0.205327216,0.,0.118077839,0.186564583,0.,0.133475934,               331P   1274
0.16780195,0.,0.150638942,0.150638942,0.,0.16780195,                 331P   1275
0.133475934,0.,0.186564583,0.118077839,0.,0.205327216,               331P   1276
0.102679745,0.,0.225508778,0.089194856,0.,0.245690341,               331P   1277
0.075709967,0.,0.267096474,0.06426815,0.,0.288502607,                331P   1278
0.052826333,0.,0.310927158,0.04353778,0.,0.333351709,                331P   1279
0.034249227,0.,0.356578717,0.027203391,0.,0.379805725,               331P   1280
0.020157556,0.,0.403611501,0.015422292,0.,0.427417277,               331P   1281
0.010687029,0.,0.451572559,0.008307941,0.,0.475727841,               331P   1282
0.005928854,0.,0.5,0.005928854,0.,0.524272159,0.005928854,0.,        331P   1283
0.548427441,0.008307941,0.,0.572582723,0.010687029,0.,               331P   1284
0.596388499,0.015422292,0.,0.620194275,0.020157556,0.,               331P   1285
0.643421283,0.027203391,0.,0.666648291,0.034249227,0.,               331P   1286
0.689072842,0.04353778,0.,0.711497393,0.052826333,0.,                331P   1287
0.732903526,0.06426815,0.,0.754309659,0.075709967,0.,                331P   1288
0.774491222,0.089194856,0.,0.794672784,0.102679745,0.,               331P   1289
0.813435417,0.118077839,0.,0.83219805,0.133475934,0.,                331P   1290
0.849361058,0.150638942,0.,0.866524066,0.16780195,0.,                331P   1291
0.881922161,0.186564583,0.,0.897320255,0.205327216,0.,               331P   1292
0.910805144,0.225508778,0.,0.924290033,0.245690341,0.,               331P   1293
0.93573185,0.267096474,0.,0.947173667,0.288502607,0.,                331P   1294
0.95646222,0.310927158,0.,0.965750773,0.333351709,0.,                331P   1295
0.972796609,0.356578717,0.,0.979842444,0.379805725,0.,               331P   1296
0.984577708,0.403611501,0.,0.989312971,0.427417277,0.,               331P   1297
0.991692059,0.451572559,0.,0.994071146,0.475727841,0.,               331P   1298
0.994071146,0.5,0.,0.,1.,0.,0.,-1.;                                  331P   1299
124,6.12323399573677E-17,-1.,0.,0.,6.12323399573677E-17,             333P   1300
3.74939945665464E-33,1.,0.,-1.,-6.12323399573677E-17,                333P   1301
6.12323399573677E-17,0.;                                             333P   1302
100,0.,0.,0.,62.36,0.,-62.36,0.;                                     335P   1303
102,2,325,331;                                                       337P   1304
102,2,329,335;                                                       339P   1305
142,1,323,337,339,1;                                                 341P   1306
126,64,2,1,0,1,0,0.,0.,0.,0.03125,0.03125,0.0625,0.0625,             343P   1307
0.09375,0.09375,0.125,0.125,0.15625,0.15625,0.1875,0.1875,           343P   1308
0.21875,0.21875,0.25,0.25,0.28125,0.28125,0.3125,0.3125,             343P   1309
0.34375,0.34375,0.375,0.375,0.40625,0.40625,0.4375,0.4375,           343P   1310
0.46875,0.46875,0.5,0.5,0.53125,0.53125,0.5625,0.5625,0.59375,       343P   1311
0.59375,0.625,0.625,0.65625,0.65625,0.6875,0.6875,0.71875,           343P   1312
0.71875,0.75,0.75,0.78125,0.78125,0.8125,0.8125,0.84375,             343P   1313
0.84375,0.875,0.875,0.90625,0.90625,0.9375,0.9375,0.96875,           343P   1314
0.96875,1.,1.,1.,1.,1.,1.,1.,1.,1.,1.,1.,1.,1.,1.,1.,1.,1.,1.,       343P   1315
1.,1.,1.,1.,1.,1.,1.,1.,1.,1.,1.,1.,1.,1.,1.,1.,1.,1.,1.,1.,1.,      343P   1316
1.,1.,1.,1.,1.,1.,1.,1.,1.,1.,1.,1.,1.,1.,1.,1.,1.,1.,1.,1.,1.,      343P   1317
1.,1.,1.,1.,1.,1.,1.,1.,0.164386566,0.5,0.,0.164386566,              343P   1318
0.516487631,0.,0.166002636,0.532895869,0.,0.167618707,               343P   1319
0.549304107,0.,0.170835284,0.565474933,0.,0.174051861,               343P   1320
0.581645759,0.,0.178837968,0.597423437,0.,0.183624074,               343P   1321
0.613201116,0.,0.189933617,0.628433701,0.,0.19624316,                343P   1322
0.643666286,0.,0.204015376,0.658207078,0.,0.211787591,               343P   1323
0.67274787,0.,0.220947628,0.686456834,0.,0.230107665,                343P   1324
0.700165798,0.,0.240567307,0.712910909,0.,0.251026949,               343P   1325
0.72565602,0.,0.262685465,0.737314535,0.,0.27434398,                 343P   1326
0.748973051,0.,0.287089091,0.759432693,0.,0.299834202,               343P   1327
0.769892335,0.,0.313543166,0.779052372,0.,0.32725213,                343P   1328
0.788212409,0.,0.341792922,0.795984624,0.,0.356333714,               343P   1329
0.80375684,0.,0.371566299,0.810066383,0.,0.386798884,                343P   1330
0.816375926,0.,0.402576563,0.821162032,0.,0.418354241,               343P   1331
0.825948139,0.,0.434525067,0.829164716,0.,0.450695893,               343P   1332
0.832381293,0.,0.467104131,0.833997364,0.,0.483512369,               343P   1333
0.835613434,0.,0.5,0.835613434,0.,0.516487631,0.835613434,0.,        343P   1334
0.532895869,0.833997364,0.,0.549304107,0.832381293,0.,               343P   1335
0.565474933,0.829164716,0.,0.581645759,0.825948139,0.,               343P   1336
0.597423437,0.821162032,0.,0.613201116,0.816375926,0.,               343P   1337
0.628433701,0.810066383,0.,0.643666286,0.80375684,0.,                343P   1338
0.658207078,0.795984624,0.,0.67274787,0.788212409,0.,                343P   1339
0.686456834,0.779052372,0.,0.700165798,0.769892335,0.,               343P   1340
0.712910909,0.759432693,0.,0.72565602,0.748973051,0.,                343P   1341
0.737314535,0.737314535,0.,0.748973051,0.72565602,0.,                343P   1342
0.759432693,0.712910909,0.,0.769892335,0.700165798,0.,               343P   1343
0.779052372,0.686456834,0.,0.788212409,0.67274787,0.,                343P   1344
0.795984624,0.658207078,0.,0.80375684,0.643666286,0.,                343P   1345
0.810066383,0.628433701,0.,0.816375926,0.613201116,0.,               343P   1346
0.821162032,0.597423437,0.,0.825948139,0.581645759,0.,               343P   1347
0.829164716,0.565474933,0.,0.832381293,0.549304107,0.,               343P   1348
0.833997364,0.532895869,0.,0.835613434,0.516487631,0.,               343P   1349
0.835613434,0.5,0.,0.,1.,0.,0.,1.;                                   343P   1350
124,1.40271576953299E-14,1.,0.,0.,-6.12323399573677E-17,             345P   1351
8.58915688636046E-31,-1.,0.,-1.,1.40271576953299E-14,                345P   1352
6.12323399573677E-17,0.;                                             345P   1353
100,0.,0.,0.,42.36,0.,-42.36,0.;                                     347P   1354
126,64,2,1,0,1,0,0.,0.,0.,0.03125,0.03125,0.0625,0.0625,             349P   1355
0.09375,0.09375,0.125,0.125,0.15625,0.15625,0.1875,0.1875,           349P   1356
0.21875,0.21875,0.25,0.25,0.28125,0.28125,0.3125,0.3125,             349P   1357
0.34375,0.34375,0.375,0.375,0.40625,0.40625,0.4375,0.4375,           349P   1358
0.46875,0.46875,0.5,0.5,0.53125,0.53125,0.5625,0.5625,0.59375,       349P   1359
0.59375,0.625,0.625,0.65625,0.65625,0.6875,0.6875,0.71875,           349P   1360
0.71875,0.75,0.75,0.78125,0.78125,0.8125,0.8125,0.84375,             349P   1361
0.84375,0.875,0.875,0.90625,0.90625,0.9375,0.9375,0.96875,           349P   1362
0.96875,1.,1.,1.,1.,1.,1.,1.,1.,1.,1.,1.,1.,1.,1.,1.,1.,1.,1.,       349P   1363
1.,1.,1.,1.,1.,1.,1.,1.,1.,1.,1.,1.,1.,1.,1.,1.,1.,1.,1.,1.,1.,      349P   1364
1.,1.,1.,1.,1.,1.,1.,1.,1.,1.,1.,1.,1.,1.,1.,1.,1.,1.,1.,1.,1.,      349P   1365
1.,1.,1.,1.,1.,1.,1.,1.,0.835613434,0.5,0.,0.835613434,              349P   1366
0.483512369,0.,0.833997364,0.467104131,0.,0.832381293,               349P   1367
0.450695893,0.,0.829164716,0.434525067,0.,0.825948139,               349P   1368
0.418354241,0.,0.821162032,0.402576563,0.,0.816375926,               349P   1369
0.386798884,0.,0.810066383,0.371566299,0.,0.80375684,                349P   1370
0.356333714,0.,0.795984624,0.341792922,0.,0.788212409,               349P   1371
0.32725213,0.,0.779052372,0.313543166,0.,0.769892335,                349P   1372
0.299834202,0.,0.759432693,0.287089091,0.,0.748973051,               349P   1373
0.27434398,0.,0.737314535,0.262685465,0.,0.72565602,                 349P   1374
0.251026949,0.,0.712910909,0.240567307,0.,0.700165798,               349P   1375
0.230107665,0.,0.686456834,0.220947628,0.,0.67274787,                349P   1376
0.211787591,0.,0.658207078,0.204015376,0.,0.643666286,               349P   1377
0.19624316,0.,0.628433701,0.189933617,0.,0.613201116,                349P   1378
0.183624074,0.,0.597423437,0.178837968,0.,0.581645759,               349P   1379
0.174051861,0.,0.565474933,0.170835284,0.,0.549304107,               349P   1380
0.167618707,0.,0.532895869,0.166002636,0.,0.516487631,               349P   1381
0.164386566,0.,0.5,0.164386566,0.,0.483512369,0.164386566,0.,        349P   1382
0.467104131,0.166002636,0.,0.450695893,0.167618707,0.,               349P   1383
0.434525067,0.170835284,0.,0.418354241,0.174051861,0.,               349P   1384
0.402576563,0.178837968,0.,0.386798884,0.183624074,0.,               349P   1385
0.371566299,0.189933617,0.,0.356333714,0.19624316,0.,                349P   1386
0.341792922,0.204015376,0.,0.32725213,0.211787591,0.,                349P   1387
0.313543166,0.220947628,0.,0.299834202,0.230107665,0.,               349P   1388
0.287089091,0.240567307,0.,0.27434398,0.251026949,0.,                349P   1389
0.262685465,0.262685465,0.,0.251026949,0.27434398,0.,                349P   1390
0.240567307,0.287089091,0.,0.230107665,0.299834202,0.,               349P   1391
0.220947628,0.313543166,0.,0.211787591,0.32725213,0.,                349P   1392
0.204015376,0.341792922,0.,0.19624316,0.356333714,0.,                349P   1393
0.189933617,0.371566299,0.,0.183624074,0.386798884,0.,               349P   1394
0.178837968,0.402576563,0.,0.174051861,0.418354241,0.,               349P   1395
0.170835284,0.434525067,0.,0.167618707,0.450695893,0.,               349P   1396
0.166002636,0.467104131,0.,0.164386566,0.483512369,0.,               349P   1397
0.164386566,0.5,0.,0.,1.,0.,0.,1.;                                   349P   1398
124,6.12323399573677E-17,-1.,0.,0.,6.12323399573677E-17,             351P   1399
3.74939945665464E-33,-1.,0.,1.,6.12323399573677E-17,                 351P   1400
6.12323399573677E-17,0.;                                             351P   1401
100,0.,0.,0.,42.36,0.,-42.36,0.;                                     353P   1402
102,2,343,349;                                                       355P   1403
102,2,347,353;                                                       357P   1404
142,1,323,355,357,1;                                                 359P   1405
144,323,1,1,341,359;                                                 361P   1406
110,0.,20.,0.,0.,-980.,0.;                                           363P   1407
110,0.,20.,-62.36,0.,0.,-62.36;                                      365P   1408
120,363,365,0.,6.28318530717959;                                     367P   1409
126,1,1,1,0,1,0,0.,0.,1.,1.,1.,1.,0.4375,3.141592654,0.,0.,          369P   1410
3.141592654,0.,0.,1.,0.,0.,1.;                                       369P   1411
110,0.,11.25,62.36,0.,20.,62.36;                                     371P   1412
126,1,1,1,0,1,0,0.,0.,1.,1.,1.,1.,0.,3.141592654,0.,0.,              373P   1413
6.283185307,0.,0.,1.,0.,0.,1.;                                       373P   1414
124,6.12323399573677E-17,-1.,0.,20.,6.12323399573677E-17,            375P   1415
3.74939945665464E-33,-1.,20.,1.,6.12323399573677E-17,                375P   1416
6.12323399573677E-17,-1.22464679914735E-15;                          375P   1417
100,0.,0.,20.,62.36,20.,-62.36,20.;                                  377P   1418
126,1,1,1,0,1,0,0.,0.,1.,1.,1.,1.,0.,6.283185307,0.,0.4375,          379P   1419
6.283185307,0.,0.,1.,0.,0.,1.;                                       379P   1420
110,0.,20.,-62.36,0.,11.25,-62.36;                                   381P   1421
126,16,2,1,0,1,0,0.,0.,0.,0.125,0.125,0.25,0.25,0.375,0.375,         383P   1422
0.5,0.5,0.625,0.625,0.75,0.75,0.875,0.875,1.,1.,1.,1.,1.,1.,1.,      383P   1423
1.,1.,1.,1.,1.,1.,1.,1.,1.,1.,1.,1.,1.,0.4375,6.283185307,0.,        383P   1424
0.4375,6.281213228,0.,0.438698311,6.279278941,0.,0.439901155,        383P   1425
6.277337334,0.,0.44226494,6.275508645,0.,0.444615451,                383P   1426
6.273690224,0.,0.44802397,6.272053134,0.,0.451452277,                383P   1427
6.27040654,0.,0.455818644,6.269006837,0.,0.460165444,                383P   1428
6.267613407,0.,0.46527505,6.266518198,0.,0.470397523,                383P   1429
6.265420231,0.,0.476089611,6.264664202,0.,0.481786549,               383P   1430
6.263907529,0.,0.487834494,6.263522536,0.,0.493858536,               383P   1431
6.263139064,0.,0.5,6.263139064,0.,0.,1.,0.,0.,1.;                    383P   1432
126,15,3,1,0,1,0,0.00196970911187056,0.00196970911187056,            385P   1433
0.00196970911187056,0.00196970911187056,0.00238009287434212,         385P   1434
0.00238009287434212,0.00238009287434212,0.00280352283923913,         385P   1435
0.00280352283923913,0.00280352283923913,0.0032268910228501,          385P   1436
0.0032268910228501,0.0032268910228501,0.00365019956991137,           385P   1437
0.00365019956991137,0.00365019956991137,0.00394150912596138,         385P   1438
0.00394150912596138,0.00394150912596138,0.00394150912596138,1.,      385P   1439
1.,1.,1.,1.,1.,1.,1.,1.,1.,1.,1.,1.,1.,1.,1.,0.,11.25,-62.36,        385P   1440
-0.135608187,11.25,-62.36,-0.272976099,11.227343858,                 385P   1441
-62.359534775,-0.401399893,11.183798178,-62.358708118,               385P   1442
-0.533904665,11.138868728,-62.357855191,-0.660476773,                385P   1443
11.07044172,-62.356599548,-0.770635355,10.984185526,                 385P   1444
-62.355238121,-0.880778498,10.897941421,-62.353876885,               385P   1445
-0.977550916,10.791494786,-62.352383111,-1.052942238,                385P   1446
10.673656176,-62.351109955,-1.128323037,10.555834013,                385P   1447
-62.349836977,-1.184407022,10.423374019,-62.348759519,               385P   1448
-1.216549647,10.287240241,-62.348132345,-1.238700025,                385P   1449
10.193426664,-62.347700143,-1.25,10.096394052,-62.347470678,         385P   1450
-1.25,10.,-62.347470678,0.00196970911187056,                         385P   1451
0.00394150912596138,0.,-0.019296184,-0.999813811;                    385P   1452
126,16,2,1,0,1,0,0.,0.,0.,0.125,0.125,0.25,0.25,0.375,0.375,         387P   1453
0.5,0.5,0.625,0.625,0.75,0.75,0.875,0.875,1.,1.,1.,1.,1.,1.,1.,      387P   1454
1.,1.,1.,1.,1.,1.,1.,1.,1.,1.,1.,1.,1.,0.5,6.263139064,0.,           387P   1455
0.506171235,6.263139064,0.,0.512223344,6.263526226,0.,               387P   1456
0.518240457,6.26391115,0.,0.523909454,6.264664078,0.,                387P   1457
0.529606408,6.265420718,0.,0.534732713,6.266519862,0.,               387P   1458
0.539847126,6.267616456,0.,0.544196919,6.269011828,0.,               387P   1459
0.548543546,6.270406184,0.,0.551959926,6.272045404,0.,               387P   1460
0.555387728,6.273690103,0.,0.557747042,6.275517921,0.,               387P   1461
0.560093613,6.277335866,0.,0.561293286,6.279265401,0.,0.5625,        387P   1462
6.281206259,0.,0.5625,6.283185307,0.,0.,1.,0.,0.,1.;                 387P   1463
126,18,3,1,0,1,0,0.00394150912596138,0.00394150912596138,            389P   1464
0.00394150912596138,0.00394150912596138,0.00407354370661491,         389P   1465
0.00407354370661491,0.00407354370661491,0.00449696312012813,         389P   1466
0.00449696312012813,0.00449696312012813,0.00492037998168196,         389P   1467
0.00492037998168196,0.00492037998168196,0.00534372048891718,         389P   1468
0.00534372048891718,0.00534372048891718,0.00576702999534288,         389P   1469
0.00576702999534288,0.00576702999534288,0.0059122625912429,          389P   1470
0.0059122625912429,0.0059122625912429,0.0059122625912429,1.,1.,      389P   1471
1.,1.,1.,1.,1.,1.,1.,1.,1.,1.,1.,1.,1.,1.,1.,1.,1.,-1.25,10.,        389P   1472
-62.347470678,-1.25,9.956075679,-62.347470678,-1.247678343,          389P   1473
9.912090445,-62.347517353,-1.243054362,9.868410286,                  389P   1474
-62.347609544,-1.228325428,9.729274286,-62.347903202,                389P   1475
-1.189369605,9.590763373,-62.348685596,-1.12941564,9.46435057,       389P   1476
-62.349771614,-1.069461818,9.337938068,-62.350857629,                389P   1477
-0.986856589,9.220135994,-62.352268618,-0.888440533,                 389P   1478
9.120697197,-62.35367089,-0.790041717,9.021275819,                   389P   1479
-62.355072916,-0.673124137,8.937469257,-62.356493814,                389P   1480
-0.547364024,8.876215045,-62.357597714,-0.421613293,                 389P   1481
8.814965403,-62.358701532,-0.283553608,8.774576306,                  389P   1482
-62.359510112,-0.144614779,8.758393554,-62.359832317,                389P   1483
-0.096653055,8.752807264,-62.359943542,-0.048286085,8.75,            389P   1484
-62.36,0.,8.75,-62.36,0.00394150912596138,0.0059122625912429,        389P   1485
-0.018230142,0.,-0.999833817;                                        389P   1486
126,1,1,1,0,1,0,0.,0.,1.,1.,1.,1.,0.5625,6.283185307,0.,1.,          391P   1487
6.283185307,0.,0.,1.,0.,0.,1.;                                       391P   1488
110,0.,8.75,-62.36,0.,0.,-62.36;                                     393P   1489
126,1,1,1,0,1,0,0.,0.,1.,1.,1.,1.,1.,6.283185307,0.,1.,              395P   1490
3.141592654,0.,0.,1.,0.,0.,1.;                                       395P   1491
124,6.12323399573677E-17,-1.,0.,0.,6.12323399573677E-17,             397P   1492
3.74939945665464E-33,1.,0.,-1.,-6.12323399573677E-17,                397P   1493
6.12323399573677E-17,0.;                                             397P   1494
100,0.,0.,0.,62.36,0.,-62.36,0.;                                     399P   1495
126,1,1,1,0,1,0,0.,0.,1.,1.,1.,1.,1.,3.141592654,0.,0.5625,          401P   1496
3.141592654,0.,0.,1.,0.,0.,1.;                                       401P   1497
110,0.,0.,62.36,0.,8.75,62.36;                                       403P   1498
126,16,2,1,0,1,0,0.,0.,0.,0.125,0.125,0.25,0.25,0.375,0.375,         405P   1499
0.5,0.5,0.625,0.625,0.75,0.75,0.875,0.875,1.,1.,1.,1.,1.,1.,1.,      405P   1500
1.,1.,1.,1.,1.,1.,1.,1.,1.,1.,1.,1.,1.,0.5625,3.141592654,0.,        405P   1501
0.5625,3.143563015,0.,0.561303756,3.145495683,0.,0.560103878,        405P   1502
3.147434221,0.,0.557746673,3.149260326,0.,0.555388933,               405P   1503
3.151086844,0.,0.551964174,3.152730519,0.,0.548551428,               405P   1504
3.154368428,0.,0.544209908,3.155761965,0.,0.539846069,               405P   1505
3.157162666,0.,0.534712285,3.158262477,0.,0.529608129,               405P   1506
3.159355941,0.,0.52393846,3.160110028,0.,0.518238873,                405P   1507
3.160868094,0.,0.512187325,3.161254035,0.,0.506152694,               405P   1508
3.161638897,0.,0.5,3.161638897,0.,0.,1.,0.,0.,1.;                    405P   1509
126,15,3,1,0,1,0,0.00591226259124289,0.00591226259124289,            407P   1510
0.00591226259124289,0.00591226259124289,0.00619040222737754,         407P   1511
0.00619040222737754,0.00619040222737754,0.00661383304042174,         407P   1512
0.00661383304042174,0.00661383304042174,0.00703722682982294,         407P   1513
0.00703722682982294,0.00703722682982294,0.00746056626544133,         407P   1514
0.00746056626544133,0.00746056626544133,0.00788390932570774,         407P   1515
0.00788390932570774,0.00788390932570774,0.00788390932570774,1.,      407P   1516
1.,1.,1.,1.,1.,1.,1.,1.,1.,1.,1.,1.,1.,1.,1.,0.,8.75,62.36,          407P   1517
-0.092062712,8.75,62.36,-0.184682222,8.760295251,62.359791206,       407P   1518
-0.274496906,8.780511809,62.359395855,-0.410997913,8.811237079,      407P   1519
62.358794998,-0.544074386,8.865954851,62.357739358,-0.662705,        407P   1520
8.940131101,62.35647859,-0.781325864,9.014301255,62.355217924,       407P   1521
-0.888775654,9.109972092,62.35372736,-0.976159786,9.219223418,       407P   1522
62.352359314,-1.063532885,9.328460947,62.350991441,                  407P   1523
-1.133254836,9.454288102,62.349719147,-1.179552506,9.586290094,      407P   1524
62.34884326,-1.2258504,9.718292729,62.347967369,-1.25,               407P   1525
9.860110909,62.347470678,-1.25,10.,62.347470678,                     407P   1526
0.00591226259124289,0.00788390932570774,0.,0.019492175,              407P   1527
0.99981001;                                                          407P   1528
126,16,2,1,0,1,0,0.,0.,0.,0.125,0.125,0.25,0.25,0.375,0.375,         409P   1529
0.5,0.5,0.625,0.625,0.75,0.75,0.875,0.875,1.,1.,1.,1.,1.,1.,1.,      409P   1530
1.,1.,1.,1.,1.,1.,1.,1.,1.,1.,1.,1.,1.,0.5,3.161638897,0.,           409P   1531
0.493814478,3.161638897,0.,0.487748906,3.161249957,0.,               409P   1532
0.481716018,3.160863113,0.,0.476033953,3.160106356,0.,               409P   1533
0.470344186,3.159348574,0.,0.465225051,3.158249035,0.,               409P   1534
0.460128647,3.157154378,0.,0.455792819,3.15576284,0.,                409P   1535
0.451432815,3.154363543,0.,0.448009624,3.152717933,0.,               409P   1536
0.444605725,3.151081598,0.,0.442258476,3.149264313,0.,               409P   1537
0.439900268,3.147438544,0.,0.438699091,3.145500279,0.,0.4375,        409P   1538
3.143565381,0.,0.4375,3.141592654,0.,0.,1.,0.,0.,1.;                 409P   1539
126,18,3,1,0,1,0,0.,0.,0.,0.,0.000263227008822229,                   411P   1540
0.000263227008822229,0.000263227008822229,0.000686657311563375,      411P   1541
0.000686657311563375,0.000686657311563375,0.00111005345789708,       411P   1542
0.00111005345789708,0.00111005345789708,0.00153337398276034,         411P   1543
0.00153337398276034,0.00153337398276034,0.00195669541134607,         411P   1544
0.00195669541134607,0.00195669541134607,0.00196970911187057,         411P   1545
0.00196970911187057,0.00196970911187057,0.00196970911187057,1.,      411P   1546
1.,1.,1.,1.,1.,1.,1.,1.,1.,1.,1.,1.,1.,1.,1.,1.,1.,1.,-1.25,         411P   1547
10.,62.347470678,-1.25,10.087742336,62.347470678,-1.240658761,       411P   1548
10.175967119,62.347659969,-1.222284738,10.261763291,                 411P   1549
62.348020177,-1.192984794,10.398577256,62.34859458,                  411P   1550
-1.139657925,10.532217187,62.349627913,-1.066723015,                 411P   1551
10.651614924,62.350875712,-0.993793612,10.771003645,                 411P   1552
62.352123416,-0.899247941,10.879445947,62.353610091,                 411P   1553
-0.790913234,10.967965008,62.354984213,-0.682597481,                 411P   1554
11.056468582,62.356358095,-0.557510614,11.127496421,                 411P   1555
62.357646495,-0.426005124,11.175167917,62.358544881,                 411P   1556
-0.294499819,11.222839346,62.359443265,-0.152949324,                 411P   1557
11.24846847,62.359969302,-0.013074824,11.249931618,                  411P   1558
62.359998629,-0.008716728,11.249977205,62.359999543,                 411P   1559
-0.004358334,11.25,62.36,0.,11.25,62.36,0.,0.00196970911187057,      411P   1560
-0.018575413,0.,0.999827462;                                         411P   1561
102,10,369,373,379,383,387,391,395,401,405,409;                      413P   1562
102,10,371,377,381,385,389,393,399,403,407,411;                      415P   1563
142,1,367,413,415,1;                                                 417P   1564
126,32,2,1,0,1,0,0.,0.,0.,0.0625,0.0625,0.125,0.125,0.1875,          419P   1565
0.1875,0.25,0.25,0.3125,0.3125,0.375,0.375,0.4375,0.4375,0.5,        419P   1566
0.5,0.5625,0.5625,0.625,0.625,0.6875,0.6875,0.75,0.75,0.8125,        419P   1567
0.8125,0.875,0.875,0.9375,0.9375,1.,1.,1.,1.,1.,1.,1.,1.,1.,1.,      419P   1568
1.,1.,1.,1.,1.,1.,1.,1.,1.,1.,1.,1.,1.,1.,1.,1.,1.,1.,1.,1.,1.,      419P   1569
1.,1.,1.,1.,1.,0.5,4.692342737,0.,0.506172637,4.692342737,0.,        419P   1570
0.512226066,4.692730074,0.,0.51824451,4.693115172,0.,                419P   1571
0.523914603,4.693868435,0.,0.52961262,4.694625408,0.,                419P   1572
0.534739616,4.695725016,0.,0.539854798,4.69682209,0.,                419P   1573
0.54420485,4.698218046,0.,0.548551633,4.699612953,0.,                419P   1574
0.551967618,4.701252768,0.,0.555395085,4.702898096,0.,               419P   1575
0.557753427,4.704726543,0.,0.560099014,4.706545101,0.,               419P   1576
0.561297086,4.708475191,0.,0.562502185,4.710416601,0.,               419P   1577
0.562499996,4.71239609,0.,0.562497817,4.714366031,0.,                419P   1578
0.561299942,4.716298167,0.,0.560098464,4.718236112,0.,               419P   1579
0.55774032,4.720061572,0.,0.555381577,4.721887496,0.,                419P   1580
0.551956411,4.72353057,0.,0.548543333,4.725167847,0.,                419P   1581
0.54420207,4.726560807,0.,0.539838441,4.727960944,0.,                419P   1582
0.534705358,4.729060288,0.,0.529601906,4.730153285,0.,               419P   1583
0.523933315,4.730907039,0.,0.518234824,4.731664769,0.,               419P   1584
0.512184609,4.732050535,0.,0.506151296,4.732435224,0.,0.5,           419P   1585
4.732435224,0.,0.,1.,0.,0.,1.;                                       419P   1586
126,30,3,1,0,1,0,0.00394150912596138,0.00394150912596138,            421P   1587
0.00394150912596138,0.00394150912596138,0.00407354370661491,         421P   1588
0.00407354370661491,0.00407354370661491,0.00449696312012813,         421P   1589
0.00449696312012813,0.00449696312012813,0.00492037998168196,         421P   1590
0.00492037998168196,0.00492037998168196,0.00534372048891718,         421P   1591
0.00534372048891718,0.00534372048891718,0.00576702999534288,         421P   1592
0.00576702999534288,0.00576702999534288,0.00619040222737754,         421P   1593
0.00619040222737754,0.00619040222737754,0.00661383304042173,         421P   1594
0.00661383304042173,0.00661383304042173,0.00703722682982294,         421P   1595
0.00703722682982294,0.00703722682982294,0.00746056626544133,         421P   1596
0.00746056626544133,0.00746056626544133,0.00788390932570774,         421P   1597
0.00788390932570774,0.00788390932570774,0.00788390932570774,1.,      421P   1598
1.,1.,1.,1.,1.,1.,1.,1.,1.,1.,1.,1.,1.,1.,1.,1.,1.,1.,1.,1.,1.,      421P   1599
1.,1.,1.,1.,1.,1.,1.,1.,1.,-62.347470678,10.,1.25,                   421P   1600
-62.347470678,9.956075679,1.25,-62.347517353,9.912090445,            421P   1601
1.247678343,-62.347609544,9.868410286,1.243054362,                   421P   1602
-62.347903202,9.729274286,1.228325428,-62.348685596,                 421P   1603
9.590763373,1.189369605,-62.349771614,9.46435057,1.12941564,         421P   1604
-62.350857629,9.337938068,1.069461818,-62.352268618,                 421P   1605
9.220135994,0.986856589,-62.35367089,9.120697197,0.888440533,        421P   1606
-62.355072916,9.021275819,0.790041717,-62.356493814,                 421P   1607
8.937469257,0.673124137,-62.357597714,8.876215045,0.547364024,       421P   1608
-62.358701532,8.814965403,0.421613293,-62.359510112,                 421P   1609
8.774576306,0.283553608,-62.359832317,8.758393554,0.144614779,       421P   1610
-62.360154567,8.742208499,0.005656163,-62.35999663,8.749790754,      421P   1611
-0.138014626,-62.359395855,8.780511809,-0.274496906,                 421P   1612
-62.358794998,8.811237079,-0.410997913,-62.357739358,                421P   1613
8.865954851,-0.544074386,-62.35647859,8.940131101,-0.662705,         421P   1614
-62.355217924,9.014301255,-0.781325864,-62.35372736,                 421P   1615
9.109972092,-0.888775654,-62.352359314,9.219223418,                  421P   1616
-0.976159786,-62.350991441,9.328460947,-1.063532885,                 421P   1617
-62.349719147,9.454288102,-1.133254836,-62.34884326,                 421P   1618
9.586290094,-1.179552506,-62.347967369,9.718292729,-1.2258504,       421P   1619
-62.347470678,9.860110909,-1.25,-62.347470678,10.,-1.25,             421P   1620
0.00394150912596138,0.00788390932570774,-0.999833817,0.,             421P   1621
0.018230142;                                                         421P   1622
126,32,2,1,0,1,0,0.,0.,0.,0.0625,0.0625,0.125,0.125,0.1875,          423P   1623
0.1875,0.25,0.25,0.3125,0.3125,0.375,0.375,0.4375,0.4375,0.5,        423P   1624
0.5,0.5625,0.5625,0.625,0.625,0.6875,0.6875,0.75,0.75,0.8125,        423P   1625
0.8125,0.875,0.875,0.9375,0.9375,1.,1.,1.,1.,1.,1.,1.,1.,1.,1.,      423P   1626
1.,1.,1.,1.,1.,1.,1.,1.,1.,1.,1.,1.,1.,1.,1.,1.,1.,1.,1.,1.,1.,      423P   1627
1.,1.,1.,1.,1.,0.5,4.732435224,0.,0.493811165,4.732435224,0.,        423P   1628
0.487742472,4.732045871,0.,0.481706545,4.731658621,0.,               423P   1629
0.476021988,4.730901089,0.,0.470329618,4.730142516,0.,               423P   1630
0.465208776,4.729041865,0.,0.460110766,4.727946121,0.,               423P   1631
0.455774465,4.726553274,0.,0.451413956,4.725152651,0.,               423P   1632
0.44799161,4.723505595,0.,0.444588488,4.721867791,0.,                423P   1633
0.442243498,4.720049034,0.,0.439887665,4.718221866,0.,               423P   1634
0.438690267,4.71628234,0.,0.437494855,4.714346032,0.,                423P   1635
0.437500022,4.712372152,0.,0.437505181,4.710401223,0.,               423P   1636
0.438707169,4.708468341,0.,0.439913786,4.706528017,0.,               423P   1637
0.442279913,4.704700745,0.,0.444632701,4.702883774,0.,               423P   1638
0.448042041,4.701248133,0.,0.45147117,4.699602998,0.,                423P   1639
0.455836993,4.698204631,0.,0.46018335,4.696812498,0.,                423P   1640
0.465291388,4.69571837,0.,0.470412127,4.694621522,0.,                423P   1641
0.476101581,4.693866286,0.,0.481796013,4.693110389,0.,               423P   1642
0.487840904,4.692725801,0.,0.493861835,4.692342737,0.,0.5,           423P   1643
4.692342737,0.,0.,1.,0.,0.,1.;                                       423P   1644
126,30,3,1,0,1,0,0.,0.,0.,0.,0.000263227008822229,                   425P   1645
0.000263227008822229,0.000263227008822229,0.000686657311563373,      425P   1646
0.000686657311563373,0.000686657311563373,0.00111005345789708,       425P   1647
0.00111005345789708,0.00111005345789708,0.00153337398276034,         425P   1648
0.00153337398276034,0.00153337398276034,0.00195669541134607,         425P   1649
0.00195669541134607,0.00195669541134607,0.00238009287434212,         425P   1650
0.00238009287434212,0.00238009287434212,0.00280352283923913,         425P   1651
0.00280352283923913,0.00280352283923913,0.0032268910228501,          425P   1652
0.0032268910228501,0.0032268910228501,0.00365019956991137,           425P   1653
0.00365019956991137,0.00365019956991137,0.00394150912596138,         425P   1654
0.00394150912596138,0.00394150912596138,0.00394150912596138,1.,      425P   1655
1.,1.,1.,1.,1.,1.,1.,1.,1.,1.,1.,1.,1.,1.,1.,1.,1.,1.,1.,1.,1.,      425P   1656
1.,1.,1.,1.,1.,1.,1.,1.,1.,-62.347470678,10.,-1.25,                  425P   1657
-62.347470678,10.087742336,-1.25,-62.347659969,10.175967119,         425P   1658
-1.240658761,-62.348020177,10.261763291,-1.222284738,                425P   1659
-62.34859458,10.398577256,-1.192984794,-62.349627913,                425P   1660
10.532217187,-1.139657925,-62.350875712,10.651614924,                425P   1661
-1.066723015,-62.352123416,10.771003645,-0.993793612,                425P   1662
-62.353610091,10.879445947,-0.899247941,-62.354984213,               425P   1663
10.967965008,-0.790913234,-62.356358095,11.056468582,                425P   1664
-0.682597481,-62.357646495,11.127496421,-0.557510614,                425P   1665
-62.358544881,11.175167917,-0.426005124,-62.359443265,               425P   1666
11.222839346,-0.294499819,-62.359969302,11.24846847,                 425P   1667
-0.152949324,-62.359998629,11.249931618,-0.013074824,                425P   1668
-62.360027961,11.25139502,0.126824071,-62.359560978,                 425P   1669
11.228724123,0.268905458,-62.358708118,11.183798178,                 425P   1670
0.401399893,-62.357855191,11.138868728,0.533904665,                  425P   1671
-62.356599548,11.07044172,0.660476773,-62.355238121,                 425P   1672
10.984185526,0.770635355,-62.353876885,10.897941421,                 425P   1673
0.880778498,-62.352383111,10.791494786,0.977550916,                  425P   1674
-62.351109955,10.673656176,1.052942238,-62.349836977,                425P   1675
10.555834013,1.128323037,-62.348759519,10.423374019,                 425P   1676
1.184407022,-62.348132345,10.287240241,1.216549647,                  425P   1677
-62.347700143,10.193426664,1.238700025,-62.347470678,                425P   1678
10.096394052,1.25,-62.347470678,10.,1.25,0.,                         425P   1679
0.00394150912596138,-0.999827462,0.,-0.018575413;                    425P   1680
102,2,419,423;                                                       427P   1681
102,2,421,425;                                                       429P   1682
142,1,367,427,429,1;                                                 431P   1683
144,367,1,1,417,431;                                                 433P   1684
110,0.,20.,0.,0.,-980.,0.;                                           435P   1685
110,0.,20.,-42.36,0.,0.,-42.36;                                      437P   1686
120,435,437,0.,6.28318530717959;                                     439P   1687
126,16,2,1,0,1,0,0.,0.,0.,0.125,0.125,0.25,0.25,0.375,0.375,         441P   1688
0.5,0.5,0.625,0.625,0.75,0.75,0.875,0.875,1.,1.,1.,1.,1.,1.,1.,      441P   1689
1.,1.,1.,1.,1.,1.,1.,1.,1.,1.,1.,1.,1.,0.4375,3.141592654,0.,        441P   1690
0.4375,3.138679138,0.,0.43870678,3.135821815,0.,0.439906501,         441P   1691
3.132981205,0.,0.442253165,3.130304796,0.,0.44461249,                441P   1692
3.127613946,0.,0.44804027,3.125192582,0.,0.451456675,                441P   1693
3.122779254,0.,0.455803274,3.120726351,0.,0.460152939,3.118672,      441P   1694
0.,0.465267058,3.117057473,0.,0.470393403,3.115439085,0.,            441P   1695
0.476090254,3.114324983,0.,0.481759313,3.113216315,0.,               441P   1696
0.487776362,3.112649516,0.,0.493828641,3.112079399,0.,0.5,           441P   1697
3.112079399,0.,0.,1.,0.,0.,1.;                                       441P   1698
126,18,3,1,0,1,0,0.00195458489009389,0.00195458489009389,            443P   1699
0.00195458489009389,0.00195458489009389,0.00209841486004879,         443P   1700
0.00209841486004879,0.00209841486004879,0.00251795532556387,         443P   1701
0.00251795532556387,0.00251795532556387,0.0029375622670369,          443P   1702
0.0029375622670369,0.0029375622670369,0.00335733322177623,           443P   1703
0.00335733322177623,0.00335733322177623,0.00377710985051302,         443P   1704
0.00377710985051302,0.00377710985051302,0.00390828328878797,         443P   1705
0.00390828328878797,0.00390828328878797,0.00390828328878797,1.,      443P   1706
1.,1.,1.,1.,1.,1.,1.,1.,1.,1.,1.,1.,1.,1.,1.,1.,1.,1.,0.,11.25,      443P   1707
42.36,0.048238845,11.25,42.36,0.096558372,11.247198236,              443P   1708
42.359917049,0.144473659,11.241622874,42.359753627,0.283383453,      443P   1709
11.225459507,42.359279857,0.421415628,11.185100688,                  443P   1710
42.358090368,0.547146111,11.123891068,42.356466226,0.672896891,      443P   1711
11.062671567,42.354841821,0.789809585,10.9789077,42.352750663,       443P   1712
0.88821509,10.87953053,42.350686818,0.986657961,10.780115627,        443P   1713
42.348622189,1.069294742,10.662332832,42.346544249,1.129282247,      443P   1714
10.535930599,42.344944463,1.189270088,10.409527657,                  443P   1715
42.343344669,1.228262435,10.271016617,42.3421916,1.243024249,        443P   1716
10.131873865,42.341758238,1.24766824,10.088100266,42.341621905,      443P   1717
1.25,10.044019465,42.341552877,1.25,10.,42.341552877,                443P   1718
0.00195458489009389,0.00390828328878797,0.,-0.026731657,             443P   1719
0.999642645;                                                         443P   1720
126,16,2,1,0,1,0,0.,0.,0.,0.125,0.125,0.25,0.25,0.375,0.375,         445P   1721
0.5,0.5,0.625,0.625,0.75,0.75,0.875,0.875,1.,1.,1.,1.,1.,1.,1.,      445P   1722
1.,1.,1.,1.,1.,1.,1.,1.,1.,1.,1.,1.,1.,0.5,3.112079399,0.,           445P   1723
0.506141641,3.112079399,0.,0.512165902,3.112644091,0.,               445P   1724
0.518213761,3.113210995,0.,0.52391074,3.114325177,0.,                445P   1725
0.529602794,3.115438395,0.,0.534725359,3.117055079,0.,               445P   1726
0.539834658,3.118667576,0.,0.544181315,3.120719075,0.,               445P   1727
0.54854757,3.122779824,0.,0.551975845,3.125203971,0.,                445P   1728
0.555384343,3.127614135,0.,0.557734864,3.130291153,0.,               445P   1729
0.560098696,3.13298333,0.,0.561301586,3.135841659,0.,0.5625,         445P   1730
3.138689352,0.,0.5625,3.141592654,0.,0.,1.,0.,0.,1.;                 445P   1731
126,15,3,1,0,1,0,0.00390828328878797,0.00390828328878797,            447P   1732
0.00390828328878797,0.00390828328878797,0.00419672475732552,         447P   1733
0.00419672475732552,0.00419672475732552,0.00461626304203214,         447P   1734
0.00461626304203214,0.00461626304203214,0.00503592933840534,         447P   1735
0.00503592933840534,0.00503592933840534,0.00545572850067531,         447P   1736
0.00545572850067531,0.00545572850067531,0.00586301471960789,         447P   1737
0.00586301471960789,0.00586301471960789,0.00586301471960789,1.,      447P   1738
1.,1.,1.,1.,1.,1.,1.,1.,1.,1.,1.,1.,1.,1.,1.,1.25,10.,               447P   1739
42.341552877,1.25,9.903718435,42.341552877,1.238726611,              447P   1740
9.80680031,42.341889957,1.216627875,9.71309128,42.34252492,          447P   1741
1.184529802,9.576980356,42.343447194,1.128501465,9.4445378,          447P   1742
42.345032304,1.053183049,9.326720365,42.3469055,0.977841858,         447P   1743
9.208867306,42.348779263,0.881121988,9.102398098,42.350978139,       447P   1744
0.771025498,9.016120088,42.352982418,0.660895526,8.929815839,        447P   1745
42.354987307,0.534341666,8.861334791,42.356836952,0.401842526,       447P   1746
8.816352001,42.358093944,0.273291498,8.772709576,42.359313481,       447P   1747
0.135762716,8.75,42.36,0.,8.75,42.36,0.00390828328878797,            447P   1748
0.00586301471960789,0.028625871,0.,0.999590196;                      447P   1749
126,1,1,1,0,1,0,0.,0.,1.,1.,1.,1.,0.5625,3.141592654,0.,1.,          449P   1750
3.141592654,0.,0.,1.,0.,0.,1.;                                       449P   1751
110,0.,8.75,42.36,0.,0.,42.36;                                       451P   1752
126,1,1,1,0,1,0,0.,0.,1.,1.,1.,1.,1.,3.141592654,0.,1.,0.,0.,        453P   1753
0.,1.,0.,0.,1.;                                                      453P   1754
124,1.40271576953299E-14,1.,0.,0.,-6.12323399573677E-17,             455P   1755
8.58915688636046E-31,1.,0.,1.,-1.40271576953299E-14,                 455P   1756
6.12323399573677E-17,0.;                                             455P   1757
100,0.,0.,0.,42.36,0.,-42.36,0.;                                     457P   1758
126,1,1,1,0,1,0,0.,0.,1.,1.,1.,1.,1.,0.,0.,0.5625,0.,0.,0.,1.,       459P   1759
0.,0.,1.;                                                            459P   1760
110,0.,0.,-42.36,0.,8.75,-42.36;                                     461P   1761
126,16,2,1,0,1,0,0.,0.,0.,0.125,0.125,0.25,0.25,0.375,0.375,         463P   1762
0.5,0.5,0.625,0.625,0.75,0.75,0.875,0.875,1.,1.,1.,1.,1.,1.,1.,      463P   1763
1.,1.,1.,1.,1.,1.,1.,1.,1.,1.,1.,1.,1.,0.5625,0.,0.,0.5625,          463P   1764
0.002899744,0.,0.561304493,0.005744084,0.,0.560104276,               463P   1765
0.008599627,0.,0.557745359,0.011289541,0.,0.555388387,               463P   1766
0.013977238,0.,0.551965367,0.016396089,0.,0.548551034,               463P   1767
0.018808801,0.,0.544207028,0.020861436,0.,0.539843189,               463P   1768
0.022923442,0.,0.534709674,0.024542523,0.,0.529605507,               463P   1769
0.026152348,0.,0.523936069,0.02726252,0.,0.518234298,                463P   1770
0.028379023,0.,0.51218054,0.02894719,0.,0.506149175,                 463P   1771
0.029513255,0.,0.5,0.029513255,0.,0.,1.,0.,0.,1.;                    463P   1772
126,15,3,1,0,1,0,0.00390828329468653,0.00390828329468653,            465P   1773
0.00390828329468653,0.00390828329468653,0.00419672470448942,         465P   1774
0.00419672470448942,0.00419672470448942,0.004616263134307,           465P   1775
0.004616263134307,0.004616263134307,0.00503592940784174,             465P   1776
0.00503592940784174,0.00503592940784174,0.00545572854664931,         465P   1777
0.00545572854664931,0.00545572854664931,0.00586301473287903,         465P   1778
0.00586301473287903,0.00586301473287903,0.00586301473287903,1.,      465P   1779
1.,1.,1.,1.,1.,1.,1.,1.,1.,1.,1.,1.,1.,1.,1.,0.,8.75,-42.36,         465P   1780
0.096281545,8.75,-42.36,0.19319965,8.761273384,-42.359663073,        465P   1781
0.286908665,8.783372112,-42.359028358,0.423019638,8.81547019,        465P   1782
-42.358106443,0.555462246,8.871498551,-42.356521885,                 465P   1783
0.673279717,8.946817004,-42.35464903,0.791132768,9.022158202,        465P   1784
-42.352775609,0.897601964,9.118878076,-42.350576839,                 465P   1785
0.983879961,9.228974564,-42.348572352,1.070184196,9.339104533,       465P   1786
-42.346567254,1.13866523,9.465658382,-42.344717103,1.183648012,      465P   1787
9.598157513,-42.343459677,1.227290428,9.726708527,                   465P   1788
-42.342239718,1.25,9.864237296,-42.341552877,1.25,10.,               465P   1789
-42.341552877,0.00390828329468653,0.00586301473287903,0.,            465P   1790
0.028615083,-0.999590505;                                            465P   1791
126,16,2,1,0,1,0,0.,0.,0.,0.125,0.125,0.25,0.25,0.375,0.375,         467P   1792
0.5,0.5,0.625,0.625,0.75,0.75,0.875,0.875,1.,1.,1.,1.,1.,1.,1.,      467P   1793
1.,1.,1.,1.,1.,1.,1.,1.,1.,1.,1.,1.,1.,0.5,0.029513255,0.,           467P   1794
0.493849038,0.029513255,0.,0.487815987,0.028946864,0.,               467P   1795
0.481772448,0.028379488,0.,0.476079597,0.027265586,0.,               467P   1796
0.470413706,0.02615696,0.,0.465311892,0.024549322,0.,                467P   1797
0.460181454,0.022932664,0.,0.455818881,0.020873671,0.,               467P   1798
0.451480605,0.018826146,0.,0.448067895,0.016419569,0.,               467P   1799
0.444640146,0.014002387,0.,0.442277789,0.011315901,0.,               467P   1800
0.439918488,0.008632891,0.,0.438712483,0.005784325,0.,0.4375,        467P   1801
0.002920459,0.,0.4375,0.,0.,0.,1.,0.,0.,1.;                          467P   1802
126,18,3,1,0,1,0,0.00586301473287903,0.00586301473287903,            469P   1803
0.00586301473287903,0.00586301473287903,0.00587545814204267,         469P   1804
0.00587545814204267,0.00587545814204267,0.00629502421270545,         469P   1805
0.00629502421270545,0.00629502421270545,0.00671458808188906,         469P   1806
0.00671458808188906,0.00671458808188906,0.00713431443265489,         469P   1807
0.00713431443265489,0.00713431443265489,0.00755411440398369,         469P   1808
0.00755411440398369,0.00755411440398369,0.00781568159754258,         469P   1809
0.00781568159754258,0.00781568159754258,0.00781568159754258,1.,      469P   1810
1.,1.,1.,1.,1.,1.,1.,1.,1.,1.,1.,1.,1.,1.,1.,1.,1.,1.,1.25,10.,      469P   1811
-42.341552877,1.25,10.004203979,-42.341552877,1.249978791,           469P   1812
10.008408012,-42.341553503,1.249936376,10.012611777,                 469P   1813
-42.341554755,1.248525311,10.152460469,-42.34159641,                 469P   1814
1.222957802,10.293993396,-42.342369349,1.175353947,                  469P   1815
10.425491596,-42.343690712,1.127749976,10.556990118,                 469P   1816
-42.345012078,1.056798442,10.682079695,-42.346907801,                469P   1817
0.968372202,10.790414625,-42.348929801,0.879912417,                  469P   1818
10.898790652,-42.350952567,0.771525,10.993388336,-42.353141515,      469P   1819
0.652178337,11.066378646,-42.354979205,0.532812074,                  469P   1820
11.139380943,-42.356817196,0.399188562,11.192781955,                 469P   1821
-42.358339991,0.262376196,11.222153318,-42.359187418,                469P   1822
0.17638673,11.24061384,-42.359720044,0.087950344,11.25,-42.36,       469P   1823
0.,11.25,-42.36,0.00586301473287903,0.00781568159754258,0.,0.,       469P   1824
0.;                                                                  469P   1825
126,1,1,1,0,1,0,0.,0.,1.,1.,1.,1.,0.4375,0.,0.,0.,0.,0.,0.,1.,       471P   1826
0.,0.,1.;                                                            471P   1827
110,0.,11.25,-42.36,0.,20.,-42.36;                                   473P   1828
126,1,1,1,0,1,0,0.,0.,1.,1.,1.,1.,0.,0.,0.,0.,3.141592654,0.,        475P   1829
0.,1.,0.,0.,1.;                                                      475P   1830
124,1.40271576953299E-14,1.,0.,-20.,-6.12323399573677E-17,           477P   1831
8.58915688636046E-31,-1.,20.,-1.,1.40271576953299E-14,               477P   1832
6.12323399573677E-17,-2.80543153906598E-13;                          477P   1833
100,0.,0.,20.,42.36,20.,-42.36,20.;                                  479P   1834
126,1,1,1,0,1,0,0.,0.,1.,1.,1.,1.,0.,3.141592654,0.,0.4375,          481P   1835
3.141592654,0.,0.,1.,0.,0.,1.;                                       481P   1836
110,0.,20.,42.36,0.,11.25,42.36;                                     483P   1837
102,10,441,445,449,453,459,463,467,471,475,481;                      485P   1838
102,10,443,447,451,457,461,465,469,473,479,483;                      487P   1839
142,1,439,485,487,1;                                                 489P   1840
126,32,2,1,0,1,0,0.,0.,0.,0.0625,0.0625,0.125,0.125,0.1875,          491P   1841
0.1875,0.25,0.25,0.3125,0.3125,0.375,0.375,0.4375,0.4375,0.5,        491P   1842
0.5,0.5625,0.5625,0.625,0.625,0.6875,0.6875,0.75,0.75,0.8125,        491P   1843
0.8125,0.875,0.875,0.9375,0.9375,1.,1.,1.,1.,1.,1.,1.,1.,1.,1.,      491P   1844
1.,1.,1.,1.,1.,1.,1.,1.,1.,1.,1.,1.,1.,1.,1.,1.,1.,1.,1.,1.,1.,      491P   1845
1.,1.,1.,1.,1.,0.5,1.600309582,0.,0.493861645,1.600309582,0.,        491P   1846
0.487840482,1.599745488,0.,0.481795665,1.599179178,0.,               491P   1847
0.476101182,1.598066134,0.,0.470411751,1.596954079,0.,               491P   1848
0.465290913,1.595339035,0.,0.460183175,1.593728123,0.,               491P   1849
0.455836961,1.591678527,0.,0.451471247,1.589619736,0.,               491P   1850
0.448042153,1.587197728,0.,0.444632839,1.584789691,0.,               491P   1851
0.44228005,1.582114799,0.,0.439913884,1.579424699,0.,                491P   1852
0.438707238,1.576568249,0.,0.437505161,1.573722619,0.,               491P   1853
0.437500022,1.570821004,0.,0.437494875,1.567915168,0.,               491P   1854
0.438690315,1.565064611,0.,0.439887766,1.562209258,0.,               491P   1855
0.442243725,1.559519241,0.,0.444588724,1.556841739,0.,               491P   1856
0.447991817,1.554430534,0.,0.451414118,1.55200572,0.,                491P   1857
0.455774496,1.549943625,0.,0.460110803,1.547892914,0.,               491P   1858
0.465208706,1.54627959,0.,0.470329437,1.544659042,0.,                491P   1859
0.476021516,1.543542121,0.,0.481706352,1.542426622,0.,               491P   1860
0.487742459,1.541856388,0.,0.493811186,1.541283072,0.,0.5,           491P   1861
1.541283072,0.,0.,1.,0.,0.,1.;                                       491P   1862
126,30,3,1,0,1,0,0.00390828328878797,0.00390828328878797,            493P   1863
0.00390828328878797,0.00390828328878797,0.00419672475732552,         493P   1864
0.00419672475732552,0.00419672475732552,0.00461626304203214,         493P   1865
0.00461626304203214,0.00461626304203214,0.00503592933840534,         493P   1866
0.00503592933840534,0.00503592933840534,0.00545572850067531,         493P   1867
0.00545572850067531,0.00545572850067531,0.00587545803293703,         493P   1868
0.00587545803293703,0.00587545803293703,0.00629502420537357,         493P   1869
0.00629502420537357,0.00629502420537357,0.00671458817656197,         493P   1870
0.00671458817656197,0.00671458817656197,0.00713431446530386,         493P   1871
0.00713431446530386,0.00713431446530386,0.00755411446150097,         493P   1872
0.00755411446150097,0.00755411446150097,0.00781568158380132,         493P   1873
0.00781568158380132,0.00781568158380132,0.00781568158380132,1.,      493P   1874
1.,1.,1.,1.,1.,1.,1.,1.,1.,1.,1.,1.,1.,1.,1.,1.,1.,1.,1.,1.,1.,      493P   1875
1.,1.,1.,1.,1.,1.,1.,1.,1.,42.341552877,10.,1.25,42.341552877,       493P   1876
10.096281565,1.25,42.341889957,10.19319969,1.238726611,              493P   1877
42.34252492,10.28690872,1.216627875,42.343447194,10.423019644,       493P   1878
1.184529802,42.345032304,10.5554622,1.128501465,42.3469055,          493P   1879
10.673279635,1.053183049,42.348779263,10.791132694,0.977841858,      493P   1880
42.350978139,10.897601902,0.881121988,42.352982418,                  493P   1881
10.983879912,0.771025498,42.354987307,11.070184161,0.660895526,      493P   1882
42.356836952,11.138665209,0.534341666,42.358093944,                  493P   1883
11.183647999,0.401842526,42.359350724,11.228623204,0.269365725,      493P   1884
42.360039775,11.251347964,0.127289919,42.359998123,                  493P   1885
11.249936377,-0.01261168,42.359956486,11.248525323,                  493P   1886
-0.152460406,42.359183909,11.222957813,-0.293993371,                 493P   1887
42.357862988,11.175353944,-0.425491606,42.356542063,                 493P   1888
11.127749959,-0.556990162,42.354646826,11.056798396,                 493P   1889
-0.682079773,42.352625002,10.968372123,-0.790414721,                 493P   1890
42.350602412,10.879912338,-0.898790726,42.348413317,                 493P   1891
10.771524932,-0.993388385,42.346575263,10.652178287,                 493P   1892
-1.066378677,42.344736907,10.532812016,-1.139380971,                 493P   1893
42.34321356,10.399188499,-1.192781977,42.342365796,                  493P   1894
10.262376125,-1.222153333,42.341832959,10.176386682,                 493P   1895
-1.240613845,42.341552877,10.08795032,-1.25,42.341552877,10.,        493P   1896
-1.25,0.00390828328878797,0.00781568158380132,0.999590196,0.,        493P   1897
0.028625871;                                                         493P   1898
126,32,2,1,0,1,0,0.,0.,0.,0.0625,0.0625,0.125,0.125,0.1875,          495P   1899
0.1875,0.25,0.25,0.3125,0.3125,0.375,0.375,0.4375,0.4375,0.5,        495P   1900
0.5,0.5625,0.5625,0.625,0.625,0.6875,0.6875,0.75,0.75,0.8125,        495P   1901
0.8125,0.875,0.875,0.9375,0.9375,1.,1.,1.,1.,1.,1.,1.,1.,1.,1.,      495P   1902
1.,1.,1.,1.,1.,1.,1.,1.,1.,1.,1.,1.,1.,1.,1.,1.,1.,1.,1.,1.,1.,      495P   1903
1.,1.,1.,1.,1.,0.5,1.541283072,0.,0.506151432,1.541283072,0.,        495P   1904
0.512184925,1.541849549,0.,0.518235143,1.542417596,0.,               495P   1905
0.523933755,1.543533354,0.,0.529602211,1.544643207,0.,               495P   1906
0.534705672,1.546252542,0.,0.539838546,1.547871151,0.,               495P   1907
0.544202102,1.549932564,0.,0.548543255,1.551983393,0.,               495P   1908
0.551956297,1.554393831,0.,0.555381416,1.556812798,0.,               495P   1909
0.557740153,1.55950085,0.,0.560098374,1.562188316,0.,                495P   1910
0.561299889,1.565041302,0.,0.562497815,1.567885763,0.,               495P   1911
0.562499996,1.570785849,0.,0.562502188,1.573700014,0.,               495P   1912
0.561297024,1.576558151,0.,0.560098906,1.57939958,0.,                495P   1913
0.557753228,1.582076891,0.,0.555394875,1.584768668,0.,               495P   1914
0.551967429,1.587190958,0.,0.548551421,1.589605164,0.,               495P   1915
0.544204665,1.591658879,0.,0.539854741,1.59371409,0.,                495P   1916
0.534739852,1.595329326,0.,0.529612815,1.596948398,0.,               495P   1917
0.523914901,1.59806299,0.,0.518244745,1.599172152,0.,                495P   1918
0.512226363,1.599739208,0.,0.506172762,1.600309582,0.,0.5,           495P   1919
1.600309582,0.,0.,1.,0.,0.,1.;                                       495P   1920
126,30,3,1,0,1,0,0.,0.,0.,0.,0.000419612475086281,                   497P   1921
0.000419612475086281,0.000419612475086281,0.000839217163354538,      497P   1922
0.000839217163354538,0.000839217163354538,0.00125893861668087,       497P   1923
0.00125893861668087,0.00125893861668087,0.00167873965126313,         497P   1924
0.00167873965126313,0.00167873965126313,0.00209841486004879,         497P   1925
0.00209841486004879,0.00209841486004879,0.00251795532556387,         497P   1926
0.00251795532556387,0.00251795532556387,0.00293756226703689,         497P   1927
0.00293756226703689,0.00293756226703689,0.00335733322177623,         497P   1928
0.00335733322177623,0.00335733322177623,0.00377710985051302,         497P   1929
0.00377710985051302,0.00377710985051302,0.00390828328878797,         497P   1930
0.00390828328878797,0.00390828328878797,0.00390828328878797,1.,      497P   1931
1.,1.,1.,1.,1.,1.,1.,1.,1.,1.,1.,1.,1.,1.,1.,1.,1.,1.,1.,1.,1.,      497P   1932
1.,1.,1.,1.,1.,1.,1.,1.,1.,42.341552877,10.,-1.25,42.341552877,      497P   1933
9.860129175,-1.25,42.342284066,9.718329591,-1.225856421,             497P   1934
42.343573425,9.586345056,-1.179571781,42.34486277,9.454361914,       497P   1935
-1.13328763,42.346735575,9.328553714,-1.063587921,42.348749085,      497P   1936
9.219327822,-0.976243285,42.350763146,9.110072034,-0.888874741,      497P   1937
42.352957623,9.014394135,-0.781442116,42.354813779,8.940212165,      497P   1938
-0.662834628,42.356670266,8.866016973,-0.544206002,                  497P   1939
42.358224854,8.811279265,-0.4111245,42.359109853,8.780538007,        497P   1940
-0.274613271,42.35999459,8.749805887,-0.138142615,42.360227544,      497P   1941
8.742208769,0.005520985,42.359753627,8.758377126,0.144473659,        497P   1942
42.359279857,8.774540493,0.283383453,42.358090368,8.814899312,       497P   1943
0.421415628,42.356466226,8.876108932,0.547146111,42.354841821,       497P   1944
8.937328433,0.672896891,42.352750663,9.0210923,0.789809585,          497P   1945
42.350686818,9.12046947,0.88821509,42.348622189,9.219884373,         497P   1946
0.986657961,42.346544249,9.337667168,1.069294742,42.344944463,       497P   1947
9.464069401,1.129282247,42.343344669,9.590472343,1.189270088,        497P   1948
42.3421916,9.728983383,1.228262435,42.341758238,9.868126135,         497P   1949
1.243024249,42.341621905,9.911899734,1.24766824,42.341552877,        497P   1950
9.955980535,1.25,42.341552877,10.,1.25,0.,0.00390828328878797,       497P   1951
0.999598114,0.,-0.028348011;                                         497P   1952
102,2,491,495;                                                       499P   1953
102,2,493,497;                                                       501P   1954
142,1,439,499,501,1;                                                 503P   1955
144,439,1,1,489,503;                                                 505P   1956
110,0.,10.,-62.361,0.,10.,937.639;                                   507P   1957
110,1.25,10.,-62.480110683,1.25,10.,-42.221442194;                   509P   1958
120,507,509,0.,6.28318530717959;                                     511P   1959
126,8,2,1,0,1,0,0.,0.,0.,0.25,0.25,0.5,0.5,0.75,0.75,1.,1.,1.,       513P   1960
1.,1.,1.,1.,1.,1.,1.,1.,1.,0.994071146,3.141592654,0.,               513P   1961
0.994071146,2.956076972,0.,0.993937879,2.749062597,0.,               513P   1962
0.993851829,2.615394267,0.,0.993616132,2.356551494,0.,               513P   1963
0.993380179,2.097427152,0.,0.99329413,1.963862428,0.,                513P   1964
0.993160567,1.756547241,0.,0.993160567,1.570796327,0.,0.,1.,0.,      513P   1965
0.,-1.;                                                              513P   1966
126,15,3,1,0,1,0,0.00591227204085649,0.00591227204085649,            515P   1967
0.00591227204085649,0.00591227204085649,0.00619052572615705,         515P   1968
0.00619052572615705,0.00619052572615705,0.00661399221663765,         515P   1969
0.00661399221663765,0.00661399221663765,0.00703737834927324,         515P   1970
0.00703737834927324,0.00703737834927324,0.00746064681069401,         515P   1971
0.00746064681069401,0.00746064681069401,0.00788392311810715,         515P   1972
0.00788392311810715,0.00788392311810715,0.00788392311810715,1.,      515P   1973
1.,1.,1.,1.,1.,1.,1.,1.,1.,1.,1.,1.,1.,1.,1.,-1.25,10.,              515P   1974
-42.341552877,-1.25,10.092102466,-42.341552877,-1.239695644,         515P   1975
10.184762644,-42.341860664,-1.219462006,10.274613212,                515P   1976
-42.342443392,-1.188720754,10.411124447,-42.34332874,                515P   1977
-1.133983051,10.544205953,-42.34488388,-1.059787863,                 515P   1978
10.662834584,-42.346740721,-0.98560591,10.781442055,                 515P   1979
-42.348597231,-0.889928035,10.88887467,-42.350791834,                515P   1980
-0.780672267,10.976243213,-42.352805702,-0.671446368,                515P   1981
11.063587872,-42.354819019,-0.545638151,11.133287601,                515P   1982
-42.356691328,-0.41365499,11.179571765,-42.357980235,                515P   1983
-0.28167044,11.225856416,-42.359269155,-0.13987084,11.25,            515P   1984
-42.36,0.,11.25,-42.36,0.00591227204085649,0.00788392311810715,      515P   1985
0.028699525,0.,0.999588084;                                          515P   1986
126,8,2,1,0,1,0,0.,0.,0.,0.25,0.25,0.5,0.5,0.75,0.75,1.,1.,1.,       517P   1987
1.,1.,1.,1.,1.,1.,1.,1.,1.,0.993160567,1.570796327,0.,               517P   1988
0.993160567,1.384847051,0.,0.993294439,1.177251056,0.,               517P   1989
0.993380461,1.043856214,0.,0.993616076,0.785102815,0.,               517P   1990
0.993851702,0.526337558,0.,0.99393774,0.392745634,0.,                517P   1991
0.994071146,0.185604972,0.,0.994071146,0.,0.,0.,1.,0.,0.,1.;         517P   1992
126,18,3,1,0,1,0,0.,0.,0.,0.,0.000263851030585192,                   519P   1993
0.000263851030585192,0.000263851030585192,0.000687316426102395,      519P   1994
0.000687316426102395,0.000687316426102395,0.00111070755824907,       519P   1995
0.00111070755824907,0.00111070755824907,0.00153393479012852,         519P   1996
0.00153393479012852,0.00153393479012852,0.00195716424270905,         519P   1997
0.00195716424270905,0.00195716424270905,0.00196971629974323,         519P   1998
0.00196971629974323,0.00196971629974323,0.00196971629974323,1.,      519P   1999
1.,1.,1.,1.,1.,1.,1.,1.,1.,1.,1.,1.,1.,1.,1.,1.,1.,1.,0.,11.25,      519P   2000
-42.36,0.087950344,11.25,-42.36,0.17638673,11.24061384,              519P   2001
-42.359720044,0.262376196,11.222153318,-42.359187418,                519P   2002
0.399188562,11.192781955,-42.358339991,0.532812074,                  519P   2003
11.139380943,-42.356817196,0.652178337,11.066378646,                 519P   2004
-42.354979205,0.771525,10.993388336,-42.353141515,0.879912417,       519P   2005
10.898790652,-42.350952567,0.968372202,10.790414625,                 519P   2006
-42.348929801,1.056798442,10.682079695,-42.346907801,                519P   2007
1.127749976,10.556990118,-42.345012078,1.175353947,                  519P   2008
10.425491596,-42.343690712,1.222957802,10.293993396,                 519P   2009
-42.342369349,1.248525311,10.152460469,-42.34159641,                 519P   2010
1.249936376,10.012611777,-42.341554755,1.249978791,                  519P   2011
10.008408012,-42.341553503,1.25,10.004203979,-42.341552877,          519P   2012
1.25,10.,-42.341552877,0.,0.00196971629974323,0.,0.027332984,        519P   2013
0.999626384;                                                         519P   2014
126,1,1,1,0,1,0,0.,0.,1.,1.,1.,1.,0.994071146,0.,0.,                 521P   2015
0.006547321,0.,0.,0.,1.,0.,0.,1.;                                    521P   2016
110,1.25,10.,-42.341552877,1.25,10.,-62.347470678;                   523P   2017
126,8,2,1,0,1,0,0.,0.,0.,0.25,0.25,0.5,0.5,0.75,0.75,1.,1.,1.,       525P   2018
1.,1.,1.,1.,1.,1.,1.,1.,1.,0.006547321,0.,0.,0.006547321,            525P   2019
0.185935835,0.,0.006456374,0.393536263,0.,0.006397962,               525P   2020
0.526870973,0.,0.00623789,0.78569252,0.,0.006077888,                 525P   2021
1.044400212,0.,0.006019436,1.178057671,0.,0.005928854,               525P   2022
1.385184587,0.,0.005928854,1.570796327,0.,0.,1.,0.,0.,1.;            525P   2023
126,18,3,1,0,1,0,0.,0.,0.,0.,0.000263227008822229,                   527P   2024
0.000263227008822229,0.000263227008822229,0.000686657311563375,      527P   2025
0.000686657311563375,0.000686657311563375,0.00111005345789708,       527P   2026
0.00111005345789708,0.00111005345789708,0.00153337398276034,         527P   2027
0.00153337398276034,0.00153337398276034,0.00195669541134607,         527P   2028
0.00195669541134607,0.00195669541134607,0.00196970911187056,         527P   2029
0.00196970911187056,0.00196970911187056,0.00196970911187056,1.,      527P   2030
1.,1.,1.,1.,1.,1.,1.,1.,1.,1.,1.,1.,1.,1.,1.,1.,1.,1.,1.25,10.,      527P   2031
-62.347470678,1.25,10.087742336,-62.347470678,1.240658761,           527P   2032
10.175967119,-62.347659969,1.222284738,10.261763291,                 527P   2033
-62.348020177,1.192984794,10.398577256,-62.34859458,                 527P   2034
1.139657925,10.532217187,-62.349627913,1.066723015,                  527P   2035
10.651614924,-62.350875712,0.993793612,10.771003645,                 527P   2036
-62.352123416,0.899247941,10.879445947,-62.353610091,                527P   2037
0.790913234,10.967965008,-62.354984213,0.682597481,                  527P   2038
11.056468582,-62.356358095,0.557510614,11.127496421,                 527P   2039
-62.357646495,0.426005124,11.175167917,-62.358544881,                527P   2040
0.294499819,11.222839346,-62.359443265,0.152949324,11.24846847,      527P   2041
-62.359969302,0.013074824,11.249931618,-62.359998629,                527P   2042
0.008716728,11.249977205,-62.359999543,0.004358334,11.25,            527P   2043
-62.36,0.,11.25,-62.36,0.,0.00196970911187056,0.018575413,0.,        527P   2044
-0.999827462;                                                        527P   2045
126,8,2,1,0,1,0,0.,0.,0.,0.25,0.25,0.5,0.5,0.75,0.75,1.,1.,1.,       529P   2046
1.,1.,1.,1.,1.,1.,1.,1.,1.,0.005928854,1.570796327,0.,               529P   2047
0.005928854,1.756519951,0.,0.006019554,1.963805134,0.,               529P   2048
0.006077995,2.097366888,0.,0.006238251,2.35648448,0.,                529P   2049
0.006398347,2.615343748,0.,0.006456796,2.749020436,0.,               529P   2050
0.006547321,2.95605595,0.,0.006547321,3.141592654,0.,0.,1.,0.,       529P   2051
0.,-1.;                                                              529P   2052
126,15,3,1,0,1,0,0.00196970911187056,0.00196970911187056,            531P   2053
0.00196970911187056,0.00196970911187056,0.00238009287434212,         531P   2054
0.00238009287434212,0.00238009287434212,0.00280352283923913,         531P   2055
0.00280352283923913,0.00280352283923913,0.0032268910228501,          531P   2056
0.0032268910228501,0.0032268910228501,0.00365019956991137,           531P   2057
0.00365019956991137,0.00365019956991137,0.00394150912596138,         531P   2058
0.00394150912596138,0.00394150912596138,0.00394150912596138,1.,      531P   2059
1.,1.,1.,1.,1.,1.,1.,1.,1.,1.,1.,1.,1.,1.,1.,0.,11.25,-62.36,        531P   2060
-0.135608187,11.25,-62.36,-0.272976099,11.227343858,                 531P   2061
-62.359534775,-0.401399893,11.183798178,-62.358708118,               531P   2062
-0.533904665,11.138868728,-62.357855191,-0.660476773,                531P   2063
11.07044172,-62.356599548,-0.770635355,10.984185526,                 531P   2064
-62.355238121,-0.880778498,10.897941421,-62.353876885,               531P   2065
-0.977550916,10.791494786,-62.352383111,-1.052942238,                531P   2066
10.673656176,-62.351109955,-1.128323037,10.555834013,                531P   2067
-62.349836977,-1.184407022,10.423374019,-62.348759519,               531P   2068
-1.216549647,10.287240241,-62.348132345,-1.238700025,                531P   2069
10.193426664,-62.347700143,-1.25,10.096394052,-62.347470678,         531P   2070
-1.25,10.,-62.347470678,0.00196970911187056,                         531P   2071
0.00394150912596138,0.,-0.019296184,-0.999813811;                    531P   2072
126,1,1,1,0,1,0,0.,0.,1.,1.,1.,1.,0.006547321,3.141592654,0.,        533P   2073
0.994071146,3.141592654,0.,0.,1.,0.,0.,1.;                           533P   2074
110,-1.25,10.,-62.347470678,-1.25,10.,-42.341552877;                 535P   2075
102,6,513,517,521,525,529,533;                                       537P   2076
102,6,515,519,523,527,531,535;                                       539P   2077
142,1,511,537,539,1;                                                 541P   2078
144,511,1,0,541;                                                     543P   2079
110,0.,10.,62.361,0.,10.,-937.639;                                   545P   2080
110,-1.25,10.,62.480110683,-1.25,10.,42.221442194;                   547P   2081
120,545,547,0.,6.28318530717959;                                     549P   2082
126,8,2,1,0,1,0,0.,0.,0.,0.25,0.25,0.5,0.5,0.75,0.75,1.,1.,1.,       551P   2083
1.,1.,1.,1.,1.,1.,1.,1.,1.,0.994071146,3.141592654,0.,               551P   2084
0.994071146,2.956064116,0.,0.993937859,2.749031561,0.,               551P   2085
0.993851811,2.615374178,0.,0.993615754,2.356136745,0.,               551P   2086
0.993379856,2.097072591,0.,0.993293776,1.963312889,0.,               551P   2087
0.993160567,1.756319611,0.,0.993160567,1.570796327,0.,0.,1.,0.,      551P   2088
0.,-1.;                                                              551P   2089
126,18,3,1,0,1,0,0.00394151520572493,0.00394151520572493,            553P   2090
0.00394151520572493,0.00394151520572493,0.00407383396683197,         553P   2091
0.00407383396683197,0.00407383396683197,0.00449727581745815,         553P   2092
0.00449727581745815,0.00449727581745815,0.00492071194454513,         553P   2093
0.00492071194454513,0.00492071194454513,0.00534398262630654,         553P   2094
0.00534398262630654,0.00534398262630654,0.00576718625168432,         553P   2095
0.00576718625168432,0.00576718625168432,0.00591227205323665,         553P   2096
0.00591227205323665,0.00591227205323665,0.00591227205323665,1.,      553P   2097
1.,1.,1.,1.,1.,1.,1.,1.,1.,1.,1.,1.,1.,1.,1.,1.,1.,1.,1.25,10.,      553P   2098
42.341552877,1.25,10.044019465,42.341552877,1.24766824,              553P   2099
10.088100266,42.341621905,1.243024249,10.131873865,                  553P   2100
42.341758238,1.228262435,10.271016617,42.3421916,1.189270088,        553P   2101
10.409527657,42.343344669,1.129282247,10.535930599,                  553P   2102
42.344944463,1.069294742,10.662332832,42.346544249,0.986657961,      553P   2103
10.780115627,42.348622189,0.88821509,10.87953053,42.350686818,       553P   2104
0.789809585,10.9789077,42.352750663,0.672896891,11.062671567,        553P   2105
42.354841821,0.547146111,11.123891068,42.356466226,0.421415628,      553P   2106
11.185100688,42.358090368,0.283383453,11.225459507,                  553P   2107
42.359279857,0.144473659,11.241622874,42.359753627,0.096558372,      553P   2108
11.247198236,42.359917049,0.048238845,11.25,42.36,0.,11.25,          553P   2109
42.36,0.00394151520572493,0.00591227205323665,-0.026834936,0.,       553P   2110
-0.999639878;                                                        553P   2111
126,8,2,1,0,1,0,0.,0.,0.,0.25,0.25,0.5,0.5,0.75,0.75,1.,1.,1.,       555P   2112
1.,1.,1.,1.,1.,1.,1.,1.,1.,0.993160567,1.570796327,0.,               555P   2113
0.993160567,1.385267448,0.,0.993293785,1.178266264,0.,               555P   2114
0.993379864,1.044511685,0.,0.993615482,0.785755151,0.,               555P   2115
0.993851514,0.526544055,0.,0.993937534,0.393066096,0.,               555P   2116
0.994071146,0.185737663,0.,0.994071146,0.,0.,0.,1.,0.,0.,1.;         555P   2117
126,15,3,1,0,1,0,0.00591227205323665,0.00591227205323665,            557P   2118
0.00591227205323665,0.00591227205323665,0.00619052579682501,         557P   2119
0.00619052579682501,0.00619052579682501,0.00661399226639294,         557P   2120
0.00661399226639294,0.00661399226639294,0.00703737845985214,         557P   2121
0.00703737845985214,0.00703737845985214,0.00746064686873524,         557P   2122
0.00746064686873524,0.00746064686873524,0.00788392313242588,         557P   2123
0.00788392313242588,0.00788392313242588,0.00788392313242588,1.,      557P   2124
1.,1.,1.,1.,1.,1.,1.,1.,1.,1.,1.,1.,1.,1.,1.,0.,11.25,42.36,         557P   2125
-0.092102486,11.25,42.36,-0.184762683,11.23969564,42.359692353,      557P   2126
-0.274613271,11.219461993,42.359109853,-0.4111245,11.188720735,      557P   2127
42.358224854,-0.544206002,11.133983027,42.356670266,                 557P   2128
-0.662834628,11.059787835,42.354813779,-0.781442116,                 557P   2129
10.985605865,42.352957623,-0.888874741,10.889927966,                 557P   2130
42.350763146,-0.976243285,10.780672178,42.348749085,                 557P   2131
-1.063587921,10.671446286,42.346735575,-1.13328763,                  557P   2132
10.545638086,42.34486277,-1.179571781,10.413654944,                  557P   2133
42.343573425,-1.225856421,10.281670409,42.342284066,-1.25,           557P   2134
10.139870825,42.341552877,-1.25,10.,42.341552877,                    557P   2135
0.00591227205323665,0.00788392313242588,0.,0.028688591,              557P   2136
-0.999588398;                                                        557P   2137
126,1,1,1,0,1,0,0.,0.,1.,1.,1.,1.,0.994071146,0.,0.,                 559P   2138
0.006547321,0.,0.,0.,1.,0.,0.,1.;                                    559P   2139
110,-1.25,10.,42.341552877,-1.25,10.,62.347470678;                   561P   2140
126,8,2,1,0,1,0,0.,0.,0.,0.25,0.25,0.5,0.5,0.75,0.75,1.,1.,1.,       563P   2141
1.,1.,1.,1.,1.,1.,1.,1.,1.,0.006547321,0.,0.,0.006547321,            563P   2142
0.185935835,0.,0.006456374,0.393536263,0.,0.006397962,               563P   2143
0.526870973,0.,0.00623789,0.78569252,0.,0.006077888,                 563P   2144
1.044400212,0.,0.006019436,1.178057671,0.,0.005928854,               563P   2145
1.385184587,0.,0.005928854,1.570796327,0.,0.,1.,0.,0.,1.;            563P   2146
126,18,3,1,0,1,0,0.,0.,0.,0.,0.000263227008822229,                   565P   2147
0.000263227008822229,0.000263227008822229,0.000686657311563375,      565P   2148
0.000686657311563375,0.000686657311563375,0.00111005345789708,       565P   2149
0.00111005345789708,0.00111005345789708,0.00153337398276034,         565P   2150
0.00153337398276034,0.00153337398276034,0.00195669541134607,         565P   2151
0.00195669541134607,0.00195669541134607,0.00196970911187057,         565P   2152
0.00196970911187057,0.00196970911187057,0.00196970911187057,1.,      565P   2153
1.,1.,1.,1.,1.,1.,1.,1.,1.,1.,1.,1.,1.,1.,1.,1.,1.,1.,-1.25,         565P   2154
10.,62.347470678,-1.25,10.087742336,62.347470678,-1.240658761,       565P   2155
10.175967119,62.347659969,-1.222284738,10.261763291,                 565P   2156
62.348020177,-1.192984794,10.398577256,62.34859458,                  565P   2157
-1.139657925,10.532217187,62.349627913,-1.066723015,                 565P   2158
10.651614924,62.350875712,-0.993793612,10.771003645,                 565P   2159
62.352123416,-0.899247941,10.879445947,62.353610091,                 565P   2160
-0.790913234,10.967965008,62.354984213,-0.682597481,                 565P   2161
11.056468582,62.356358095,-0.557510614,11.127496421,                 565P   2162
62.357646495,-0.426005124,11.175167917,62.358544881,                 565P   2163
-0.294499819,11.222839346,62.359443265,-0.152949324,                 565P   2164
11.24846847,62.359969302,-0.013074824,11.249931618,                  565P   2165
62.359998629,-0.008716728,11.249977205,62.359999543,                 565P   2166
-0.004358334,11.25,62.36,0.,11.25,62.36,0.,0.00196970911187057,      565P   2167
-0.018575413,0.,0.999827462;                                         565P   2168
126,8,2,1,0,1,0,0.,0.,0.,0.25,0.25,0.5,0.5,0.75,0.75,1.,1.,1.,       567P   2169
1.,1.,1.,1.,1.,1.,1.,1.,1.,0.005928854,1.570796327,0.,               567P   2170
0.005928854,1.756519951,0.,0.006019554,1.963805134,0.,               567P   2171
0.006077995,2.097366888,0.,0.006238251,2.35648448,0.,                567P   2172
0.006398347,2.615343748,0.,0.006456796,2.749020436,0.,               567P   2173
0.006547321,2.95605595,0.,0.006547321,3.141592654,0.,0.,1.,0.,       567P   2174
0.,-1.;                                                              567P   2175
126,15,3,1,0,1,0,0.00196970911187057,0.00196970911187057,            569P   2176
0.00196970911187057,0.00196970911187057,0.00238009287434212,         569P   2177
0.00238009287434212,0.00238009287434212,0.00280352283923913,         569P   2178
0.00280352283923913,0.00280352283923913,0.0032268910228501,          569P   2179
0.0032268910228501,0.0032268910228501,0.00365019956991137,           569P   2180
0.00365019956991137,0.00365019956991137,0.00394150912596138,         569P   2181
0.00394150912596138,0.00394150912596138,0.00394150912596138,1.,      569P   2182
1.,1.,1.,1.,1.,1.,1.,1.,1.,1.,1.,1.,1.,1.,1.,0.,11.25,62.36,         569P   2183
0.135608187,11.25,62.36,0.272976099,11.227343858,62.359534775,       569P   2184
0.401399893,11.183798178,62.358708118,0.533904665,11.138868728,      569P   2185
62.357855191,0.660476773,11.07044172,62.356599548,0.770635355,       569P   2186
10.984185526,62.355238121,0.880778498,10.897941421,                  569P   2187
62.353876885,0.977550916,10.791494786,62.352383111,1.052942238,      569P   2188
10.673656176,62.351109955,1.128323037,10.555834013,                  569P   2189
62.349836977,1.184407022,10.423374019,62.348759519,1.216549647,      569P   2190
10.287240241,62.348132345,1.238700025,10.193426664,                  569P   2191
62.347700143,1.25,10.096394052,62.347470678,1.25,10.,                569P   2192
62.347470678,0.00196970911187057,0.00394150912596138,0.,             569P   2193
-0.019296184,0.999813811;                                            569P   2194
126,1,1,1,0,1,0,0.,0.,1.,1.,1.,1.,0.006547321,3.141592654,0.,        571P   2195
0.994071146,3.141592654,0.,0.,1.,0.,0.,1.;                           571P   2196
110,1.25,10.,62.347470678,1.25,10.,42.341552877;                     573P   2197
102,6,551,555,559,563,567,571;                                       575P   2198
102,6,553,557,561,565,569,573;                                       577P   2199
142,1,549,575,577,1;                                                 579P   2200
144,549,1,0,579;                                                     581P   2201
110,-62.361,10.,0.,937.639,10.,0.;                                   583P   2202
110,42.221442026,10.,-1.25,62.480138812,10.,-1.25;                   585P   2203
120,583,585,0.,6.28318530717959;                                     587P   2204
126,16,2,1,0,1,0,0.,0.,0.,0.125,0.125,0.25,0.25,0.375,0.375,         589P   2205
0.5,0.5,0.625,0.625,0.75,0.75,0.875,0.875,1.,1.,1.,1.,1.,1.,1.,      589P   2206
1.,1.,1.,1.,1.,1.,1.,1.,1.,1.,1.,1.,1.,0.9934513,3.141592654,        589P   2207
0.,0.9934513,2.955571057,0.,0.993542337,2.747849102,0.,              589P   2208
0.99360074,2.614588702,0.,0.993760987,2.35548462,0.,                 589P   2209
0.993920983,2.096787284,0.,0.993979458,1.96290836,0.,                589P   2210
0.994069958,1.75570783,0.,0.994069766,1.569956795,0.,                589P   2211
0.994069573,1.384373125,0.,0.993978792,1.177162445,0.,               589P   2212
0.993920375,1.043823013,0.,0.993760112,0.784693184,0.,               589P   2213
0.99360019,0.526114491,0.,0.993541734,0.392364941,0.,0.9934513,      589P   2214
0.185450828,0.,0.9934513,0.,0.,0.,1.,0.,0.,1.;                       589P   2215
126,30,3,1,0,1,0,0.,0.,0.,0.,0.000263227008822229,                   591P   2216
0.000263227008822229,0.000263227008822229,0.000686657311563373,      591P   2217
0.000686657311563373,0.000686657311563373,0.00111005345789708,       591P   2218
0.00111005345789708,0.00111005345789708,0.00153337398276034,         591P   2219
0.00153337398276034,0.00153337398276034,0.00195669541134607,         591P   2220
0.00195669541134607,0.00195669541134607,0.00238009287434212,         591P   2221
0.00238009287434212,0.00238009287434212,0.00280352283923913,         591P   2222
0.00280352283923913,0.00280352283923913,0.0032268910228501,          591P   2223
0.0032268910228501,0.0032268910228501,0.00365019956991137,           591P   2224
0.00365019956991137,0.00365019956991137,0.00394150912596138,         591P   2225
0.00394150912596138,0.00394150912596138,0.00394150912596138,1.,      591P   2226
1.,1.,1.,1.,1.,1.,1.,1.,1.,1.,1.,1.,1.,1.,1.,1.,1.,1.,1.,1.,1.,      591P   2227
1.,1.,1.,1.,1.,1.,1.,1.,1.,62.347470678,10.,1.25,62.347470678,       591P   2228
10.087742336,1.25,62.347659969,10.175967119,1.240658761,             591P   2229
62.348020177,10.261763291,1.222284738,62.34859458,10.398577256,      591P   2230
1.192984794,62.349627913,10.532217187,1.139657925,62.350875712,      591P   2231
10.651614924,1.066723015,62.352123416,10.771003645,0.993793612,      591P   2232
62.353610091,10.879445947,0.899247941,62.354984213,                  591P   2233
10.967965008,0.790913234,62.356358095,11.056468582,0.682597481,      591P   2234
62.357646495,11.127496421,0.557510614,62.358544881,                  591P   2235
11.175167917,0.426005124,62.359443265,11.222839346,0.294499819,      591P   2236
62.359969302,11.24846847,0.152949324,62.359998629,11.249931618,      591P   2237
0.013074824,62.360027961,11.25139502,-0.126824071,62.359560978,      591P   2238
11.228724123,-0.268905458,62.358708118,11.183798178,                 591P   2239
-0.401399893,62.357855191,11.138868728,-0.533904665,                 591P   2240
62.356599548,11.07044172,-0.660476773,62.355238121,                  591P   2241
10.984185526,-0.770635355,62.353876885,10.897941421,                 591P   2242
-0.880778498,62.352383111,10.791494786,-0.977550916,                 591P   2243
62.351109955,10.673656176,-1.052942238,62.349836977,                 591P   2244
10.555834013,-1.128323037,62.348759519,10.423374019,                 591P   2245
-1.184407022,62.348132345,10.287240241,-1.216549647,                 591P   2246
62.347700143,10.193426664,-1.238700025,62.347470678,                 591P   2247
10.096394052,-1.25,62.347470678,10.,-1.25,0.,                        591P   2248
0.00394150912596138,0.999827462,0.,0.018575413;                      591P   2249
126,1,1,1,0,1,0,0.,0.,1.,1.,1.,1.,0.9934513,0.,0.,0.005928854,       593P   2250
0.,0.,0.,1.,0.,0.,1.;                                                593P   2251
110,62.347470678,10.,-1.25,42.341552877,10.,-1.25;                   595P   2252
126,16,2,1,0,1,0,0.,0.,0.,0.125,0.125,0.25,0.25,0.375,0.375,         597P   2253
0.5,0.5,0.625,0.625,0.75,0.75,0.875,0.875,1.,1.,1.,1.,1.,1.,1.,      597P   2254
1.,1.,1.,1.,1.,1.,1.,1.,1.,1.,1.,1.,1.,0.005928854,0.,0.,            597P   2255
0.005928854,0.18602139,0.,0.006062908,0.393751728,0.,                597P   2256
0.006148888,0.526985784,0.,0.006384838,0.786107333,0.,               597P   2257
0.006620376,1.044776083,0.,0.006706477,1.178674786,0.,               597P   2258
0.006839714,1.385875624,0.,0.006839431,1.571632596,0.,               597P   2259
0.006839149,1.757223755,0.,0.006705499,1.96443592,0.,                597P   2260
0.006619483,2.097796747,0.,0.006383551,2.35689874,0.,                597P   2261
0.006148077,2.615496881,0.,0.006062019,2.749220807,0.,               597P   2262
0.005928854,2.956142516,0.,0.005928854,3.141592654,0.,0.,1.,0.,      597P   2263
0.,-1.;                                                              597P   2264
126,30,3,1,0,1,0,0.,0.,0.,0.,0.000263850959647569,                   599P   2265
0.000263850959647569,0.000263850959647569,0.000687316381763826,      599P   2266
0.000687316381763826,0.000687316381763826,0.00111070745285836,       599P   2267
0.00111070745285836,0.00111070745285836,0.00153393478914601,         599P   2268
0.00153393478914601,0.00153393478914601,0.0019571643459017,          599P   2269
0.0019571643459017,0.0019571643459017,0.00238055868883641,           599P   2270
0.00238055868883641,0.00238055868883641,0.00280402326974421,         599P   2271
0.00280402326974421,0.00280402326974421,0.00322735382465493,         599P   2272
0.00322735382465493,0.00322735382465493,0.00365055525018282,         599P   2273
0.00365055525018282,0.00365055525018282,0.00394151520572493,         599P   2274
0.00394151520572493,0.00394151520572493,0.00394151520572493,1.,      599P   2275
1.,1.,1.,1.,1.,1.,1.,1.,1.,1.,1.,1.,1.,1.,1.,1.,1.,1.,1.,1.,1.,      599P   2276
1.,1.,1.,1.,1.,1.,1.,1.,1.,42.341552877,10.,-1.25,42.341552877,      599P   2277
10.08795032,-1.25,42.341832959,10.176386682,-1.240613845,            599P   2278
42.342365796,10.262376125,-1.222153333,42.34321356,                  599P   2279
10.399188499,-1.192781977,42.344736907,10.532812016,                 599P   2280
-1.139380971,42.346575263,10.652178287,-1.066378677,                 599P   2281
42.348413317,10.771524932,-0.993388385,42.350602412,                 599P   2282
10.879912338,-0.898790726,42.352625002,10.968372123,                 599P   2283
-0.790414721,42.354646826,11.056798396,-0.682079773,                 599P   2284
42.356542063,11.127749959,-0.556990162,42.357862988,                 599P   2285
11.175353944,-0.425491606,42.359183909,11.222957813,                 599P   2286
-0.293993371,42.359956486,11.248525323,-0.152460406,                 599P   2287
42.359998123,11.249936377,-0.01261168,42.360039775,                  599P   2288
11.251347964,0.127289919,42.359350724,11.228623204,0.269365725,      599P   2289
42.358093944,11.183647999,0.401842526,42.356836952,                  599P   2290
11.138665209,0.534341666,42.354987307,11.070184161,0.660895526,      599P   2291
42.352982418,10.983879912,0.771025498,42.350978139,                  599P   2292
10.897601902,0.881121988,42.348779263,10.791132694,0.977841858,      599P   2293
42.3469055,10.673279635,1.053183049,42.345032304,10.5554622,         599P   2294
1.128501465,42.343447194,10.423019644,1.184529802,42.34252492,       599P   2295
10.28690872,1.216627875,42.341889957,10.19319969,1.238726611,        599P   2296
42.341552877,10.096281565,1.25,42.341552877,10.,1.25,0.,             599P   2297
0.00394151520572493,-0.999626147,0.,0.027341644;                     599P   2298
126,1,1,1,0,1,0,0.,0.,1.,1.,1.,1.,0.005928854,3.141592654,0.,        601P   2299
0.9934513,3.141592654,0.,0.,1.,0.,0.,1.;                             601P   2300
110,42.341552877,10.,1.25,62.347470678,10.,1.25;                     603P   2301
102,4,589,593,597,601;                                               605P   2302
102,4,591,595,599,603;                                               607P   2303
142,1,587,605,607,1;                                                 609P   2304
144,587,1,0,609;                                                     611P   2305
110,-62.361,10.,0.,937.639,10.,0.;                                   613P   2306
110,-62.480138812,10.,-1.25,-42.221442026,10.,-1.25;                 615P   2307
120,613,615,0.,6.28318530717959;                                     617P   2308
126,16,2,1,0,1,0,0.,0.,0.,0.125,0.125,0.25,0.25,0.375,0.375,         619P   2309
0.5,0.5,0.625,0.625,0.75,0.75,0.875,0.875,1.,1.,1.,1.,1.,1.,1.,      619P   2310
1.,1.,1.,1.,1.,1.,1.,1.,1.,1.,1.,1.,1.,0.994071146,3.141592654,      619P   2311
0.,0.994071146,2.95602714,0.,0.993937802,2.748942294,0.,             619P   2312
0.993851759,2.615316733,0.,0.993615591,2.355957067,0.,               619P   2313
0.9933797,2.096899826,0.,0.993293605,1.963045397,0.,                 619P   2314
0.993160448,1.756022394,0.,0.993160568,1.57044124,0.,                619P   2315
0.993160688,1.384970873,0.,0.993293957,1.178000332,0.,               619P   2316
0.993380021,1.044339845,0.,0.993615644,0.785577578,0.,               619P   2317
0.993851567,0.526486714,0.,0.993937591,0.392976883,0.,               619P   2318
0.994071146,0.185700729,0.,0.994071146,0.,0.,0.,1.,0.,0.,-1.;        619P   2319
126,30,3,1,0,1,0,0.00394151520572493,0.00394151520572493,            621P   2320
0.00394151520572493,0.00394151520572493,0.00407383396683197,         621P   2321
0.00407383396683197,0.00407383396683197,0.00449727581745815,         621P   2322
0.00449727581745815,0.00449727581745815,0.00492071194454514,         621P   2323
0.00492071194454514,0.00492071194454514,0.00534398262630654,         621P   2324
0.00534398262630654,0.00534398262630654,0.00576718625168432,         621P   2325
0.00576718625168432,0.00576718625168432,0.00619052579682501,         621P   2326
0.00619052579682501,0.00619052579682501,0.00661399226639294,         621P   2327
0.00661399226639294,0.00661399226639294,0.00703737845985215,         621P   2328
0.00703737845985215,0.00703737845985215,0.00746064686873524,         621P   2329
0.00746064686873524,0.00746064686873524,0.00788392313242588,         621P   2330
0.00788392313242588,0.00788392313242588,0.00788392313242588,1.,      621P   2331
1.,1.,1.,1.,1.,1.,1.,1.,1.,1.,1.,1.,1.,1.,1.,1.,1.,1.,1.,1.,1.,      621P   2332
1.,1.,1.,1.,1.,1.,1.,1.,1.,-42.341552877,10.,1.25,                   621P   2333
-42.341552877,10.044019465,1.25,-42.341621905,10.088100266,          621P   2334
1.24766824,-42.341758238,10.131873865,1.243024249,-42.3421916,       621P   2335
10.271016617,1.228262435,-42.343344669,10.409527657,                 621P   2336
1.189270088,-42.344944463,10.535930599,1.129282247,                  621P   2337
-42.346544249,10.662332832,1.069294742,-42.348622189,                621P   2338
10.780115627,0.986657961,-42.350686818,10.87953053,0.88821509,       621P   2339
-42.352750663,10.9789077,0.789809585,-42.354841821,                  621P   2340
11.062671567,0.672896891,-42.356466226,11.123891068,                 621P   2341
0.547146111,-42.358090368,11.185100688,0.421415628,                  621P   2342
-42.359279857,11.225459507,0.283383453,-42.359753627,                621P   2343
11.241622874,0.144473659,-42.360227544,11.257791231,                 621P   2344
0.005520985,-42.35999459,11.250194113,-0.138142615,                  621P   2345
-42.359109853,11.219461993,-0.274613271,-42.358224854,               621P   2346
11.188720735,-0.4111245,-42.356670266,11.133983027,                  621P   2347
-0.544206002,-42.354813779,11.059787835,-0.662834628,                621P   2348
-42.352957623,10.985605865,-0.781442116,-42.350763146,               621P   2349
10.889927966,-0.888874741,-42.348749085,10.780672178,                621P   2350
-0.976243285,-42.346735575,10.671446286,-1.063587921,                621P   2351
-42.34486277,10.545638086,-1.13328763,-42.343573425,                 621P   2352
10.413654944,-1.179571781,-42.342284066,10.281670409,                621P   2353
-1.225856421,-42.341552877,10.139870825,-1.25,-42.341552877,         621P   2354
10.,-1.25,0.00394151520572493,0.00788392313242588,0.999639878,       621P   2355
0.,-0.026834936;                                                     621P   2356
126,1,1,1,0,1,0,0.,0.,1.,1.,1.,1.,0.994071146,0.,0.,0.0065487,       623P   2357
0.,0.,0.,1.,0.,0.,1.;                                                623P   2358
110,-42.341552877,10.,-1.25,-62.347470678,10.,-1.25;                 625P   2359
126,16,2,1,0,1,0,0.,0.,0.,0.125,0.125,0.25,0.25,0.375,0.375,         627P   2360
0.5,0.5,0.625,0.625,0.75,0.75,0.875,0.875,1.,1.,1.,1.,1.,1.,1.,      627P   2361
1.,1.,1.,1.,1.,1.,1.,1.,1.,1.,1.,1.,1.,0.0065487,0.,0.,              627P   2362
0.0065487,0.186021597,0.,0.006457663,0.393743552,0.,0.00639926,      627P   2363
0.527003952,0.,0.006239013,0.786108034,0.,0.006079017,               627P   2364
1.04480537,0.,0.006020542,1.178684294,0.,0.005930042,                627P   2365
1.385884824,0.,0.005930234,1.571635858,0.,0.005930427,               627P   2366
1.757219529,0.,0.006021208,1.964430209,0.,0.006079625,               627P   2367
2.097769641,0.,0.006239888,2.356899469,0.,0.00639981,                627P   2368
2.615478162,0.,0.006458266,2.749227713,0.,0.0065487,                 627P   2369
2.956141826,0.,0.0065487,3.141592654,0.,0.,1.,0.,0.,1.;              627P   2370
126,30,3,1,0,1,0,0.,0.,0.,0.,0.000263227008822229,                   629P   2371
0.000263227008822229,0.000263227008822229,0.000686657311563373,      629P   2372
0.000686657311563373,0.000686657311563373,0.00111005345789708,       629P   2373
0.00111005345789708,0.00111005345789708,0.00153337398276034,         629P   2374
0.00153337398276034,0.00153337398276034,0.00195669541134607,         629P   2375
0.00195669541134607,0.00195669541134607,0.00238009287434212,         629P   2376
0.00238009287434212,0.00238009287434212,0.00280352283923913,         629P   2377
0.00280352283923913,0.00280352283923913,0.0032268910228501,          629P   2378
0.0032268910228501,0.0032268910228501,0.00365019956991137,           629P   2379
0.00365019956991137,0.00365019956991137,0.00394150912596138,         629P   2380
0.00394150912596138,0.00394150912596138,0.00394150912596138,1.,      629P   2381
1.,1.,1.,1.,1.,1.,1.,1.,1.,1.,1.,1.,1.,1.,1.,1.,1.,1.,1.,1.,1.,      629P   2382
1.,1.,1.,1.,1.,1.,1.,1.,1.,-62.347470678,10.,-1.25,                  629P   2383
-62.347470678,10.087742336,-1.25,-62.347659969,10.175967119,         629P   2384
-1.240658761,-62.348020177,10.261763291,-1.222284738,                629P   2385
-62.34859458,10.398577256,-1.192984794,-62.349627913,                629P   2386
10.532217187,-1.139657925,-62.350875712,10.651614924,                629P   2387
-1.066723015,-62.352123416,10.771003645,-0.993793612,                629P   2388
-62.353610091,10.879445947,-0.899247941,-62.354984213,               629P   2389
10.967965008,-0.790913234,-62.356358095,11.056468582,                629P   2390
-0.682597481,-62.357646495,11.127496421,-0.557510614,                629P   2391
-62.358544881,11.175167917,-0.426005124,-62.359443265,               629P   2392
11.222839346,-0.294499819,-62.359969302,11.24846847,                 629P   2393
-0.152949324,-62.359998629,11.249931618,-0.013074824,                629P   2394
-62.360027961,11.25139502,0.126824071,-62.359560978,                 629P   2395
11.228724123,0.268905458,-62.358708118,11.183798178,                 629P   2396
0.401399893,-62.357855191,11.138868728,0.533904665,                  629P   2397
-62.356599548,11.07044172,0.660476773,-62.355238121,                 629P   2398
10.984185526,0.770635355,-62.353876885,10.897941421,                 629P   2399
0.880778498,-62.352383111,10.791494786,0.977550916,                  629P   2400
-62.351109955,10.673656176,1.052942238,-62.349836977,                629P   2401
10.555834013,1.128323037,-62.348759519,10.423374019,                 629P   2402
1.184407022,-62.348132345,10.287240241,1.216549647,                  629P   2403
-62.347700143,10.193426664,1.238700025,-62.347470678,                629P   2404
10.096394052,1.25,-62.347470678,10.,1.25,0.,                         629P   2405
0.00394150912596138,-0.999827462,0.,-0.018575413;                    629P   2406
126,1,1,1,0,1,0,0.,0.,1.,1.,1.,1.,0.0065487,3.141592654,0.,          631P   2407
0.994071146,3.141592654,0.,0.,1.,0.,0.,1.;                           631P   2408
110,-62.347470678,10.,1.25,-42.341552877,10.,1.25;                   633P   2409
102,4,619,623,627,631;                                               635P   2410
102,4,621,625,629,633;                                               637P   2411
142,1,617,635,637,1;                                                 639P   2412
144,617,1,0,639;                                                     641P   2413
S      1G      4D    642P   2413                                        T      1
